"","id","edad","genero","carrera","semestre","promedio","creditos","asistencia","estudio","videojuegos","deporte","dormir","trabajo","ingresos","condicion","modalidad","extra_escolar","seleccionado","transporte","traslado","internet","tutorias","beca","perfil_simulado"
"1","E0001",20,"Femenino","Civil",4,90,133,90,16,5,9,8,0,16265,"Media","Hibrida","Arte","SI","Bicicleta",64,"Bueno","NO","NO","Alto_desempeno_integral"
"2","E0002",18,"Femenino","Administracion",1,72,36,76,7,7,6,7,19,24195,"Media","Hibrida","Ninguna","NO","Auto",27,"Bueno","NO","NO","Academico_moderado"
"3","E0003",23,"Femenino","Administracion",7,77,255,64,2,21,1,6,34,10118,"Media","Hibrida","Arte","NO","Auto",53,"Limitado","SI","SI","Riesgo_academico"
"4","E0004",23,"Femenino","Sistemas",8,90,278,94,17,8,12,7,9,21557,"Alta","Hibrida","Deporte","SI","Publico",12,"Bueno","NO","NO","Alto_desempeno_integral"
"5","E0005",18,"Masculino","Mecatronica",5,86,206,82,12,4,8,8,13,18141,"Media","Hibrida","Voluntariado","NO","Caminando",38,"Bueno","NO","SI","Academico_moderado"
"6","E0006",20,"Femenino","Civil",6,67,257,74,2,10,0,6,27,17138,"Baja","Presencial","Ninguna","NO","Publico",9,"Limitado","SI","NO","Riesgo_academico"
"7","E0007",24,"Femenino","Administracion",1,90,12,100,25,1,8,7,0,12379,"Media","Hibrida","Arte","NO","Publico",35,"Regular","NO","SI","Alto_desempeno_integral"
"8","E0008",23,"No especifica","Mecatronica",7,66,259,62,5,17,1,4,26,5741,"Baja","Hibrida","Ninguna","NO","Caminando",17,"Regular","NO","SI","Riesgo_academico"
"9","E0009",18,"Femenino","Industrial",10,73,377,79,9,16,0,4,12,4186,"Alta","Hibrida","Ninguna","NO","Auto",37,"Bueno","NO","NO","Jugador_digital"
"10","E0010",19,"Femenino","Administracion",4,78,133,65,12,8,6,6,27,18322,"Media","Presencial","Ninguna","NO","Auto",49,"Regular","NO","SI","Trabaja_y_estudia"
"11","E0011",26,"Masculino","Sistemas",6,77,229,92,2,3,3,7,19,13657,"Alta","Presencial","Voluntariado","NO","Auto",35,"Bueno","NO","NO","Academico_moderado"
"12","E0012",21,"Femenino","Mecatronica",3,74,118,79,11,13,4,7,0,15917,"Media","Presencial","Cultural","NO","Caminando",5,"Regular","NO","NO","Academico_moderado"
"13","E0013",19,"Masculino","Administracion",4,80,162,95,8,11,5,7,14,6690,"Baja","Presencial","Voluntariado","SI","Auto",32,"Regular","NO","NO","Academico_moderado"
"14","E0014",20,"Femenino","Sistemas",7,63,260,71,4,15,2,7,50,14068,"Baja","Presencial","Ninguna","NO","Publico",32,"Bueno","SI","SI","Riesgo_academico"
"15","E0015",24,"Femenino","Administracion",6,89,254,92,29,4,6,8,0,19067,"Media","Presencial","Cultural","SI","Auto",24,"Bueno","NO","NO","Alto_desempeno_integral"
"16","E0016",18,"Femenino","Sistemas",4,78,149,99,10,7,2,7,14,23393,"Media","Presencial","Deporte","SI","Auto",28,"Bueno","NO","NO","Academico_moderado"
"17","E0017",21,"Masculino","Sistemas",5,74,183,75,9,25,2,4,5,14233,"Baja","Hibrida","Ninguna","NO","Auto",47,"Bueno","NO","NO","Jugador_digital"
"18","E0018",21,"Masculino","Mecatronica",7,81,243,84,11,12,2,6,4,23538,"Alta","Presencial","Ninguna","NO","Auto",10,"Limitado","NO","NO","Academico_moderado"
"19","E0019",24,"Masculino","Electronica",5,71,214,60,2,4,1,6,37,20740,"Baja","Presencial","Ninguna","NO","Publico",25,"Limitado","NO","SI","Trabaja_y_estudia"
"20","E0020",20,"Masculino","Mecatronica",10,65,380,60,2,16,1,6,0,18064,"Media","Presencial","Deporte","NO","Caminando",63,"Limitado","NO","SI","Riesgo_academico"
"21","E0021",20,"Femenino","Administracion",2,90,65,94,20,1,8,8,5,28775,"Alta","Hibrida","Arte","SI","Publico",46,"Bueno","SI","SI","Alto_desempeno_integral"
"22","E0022",22,"Masculino","Civil",3,89,113,94,29,8,8,6,1,33943,"Baja","Presencial","Arte","SI","Caminando",60,"Bueno","NO","NO","Alto_desempeno_integral"
"23","E0023",18,"Femenino","Industrial",1,74,0,99,11,7,0,7,8,12671,"Media","Hibrida","Arte","NO","Auto",43,"Limitado","NO","NO","Academico_moderado"
"24","E0024",22,"Masculino","Industrial",2,69,98,76,4,15,2,7,11,5003,"Media","Presencial","Ninguna","NO","Publico",30,"Bueno","SI","NO","Jugador_digital"
"25","E0025",24,"Masculino","Sistemas",1,82,61,80,7,7,3,6,12,16652,"Media","Hibrida","Cultural","NO","Publico",22,"Bueno","NO","NO","Academico_moderado"
"26","E0026",19,"Masculino","Sistemas",9,61,333,76,7,25,1,6,20,10492,"Baja","Virtual","Deporte","NO","Auto",46,"Regular","NO","SI","Riesgo_academico"
"27","E0027",19,"Femenino","Civil",6,93,246,90,13,4,11,8,9,19418,"Media","Presencial","Deporte","NO","Publico",43,"Regular","NO","NO","Alto_desempeno_integral"
"28","E0028",18,"Femenino","Administracion",4,86,165,100,12,8,5,7,4,7629,"Alta","Presencial","Deporte","SI","Publico",5,"Bueno","NO","SI","Alto_desempeno_integral"
"29","E0029",21,"Masculino","Sistemas",4,73,125,81,11,13,5,7,2,15127,"Media","Presencial","Ninguna","NO","Publico",5,"Regular","SI","NO","Academico_moderado"
"30","E0030",20,"Femenino","Sistemas",7,76,289,87,16,3,3,8,29,8300,"Media","Hibrida","Ninguna","NO","Caminando",48,"Bueno","SI","NO","Trabaja_y_estudia"
"31","E0031",20,"Femenino","Administracion",7,68,271,72,6,18,2,5,23,13883,"Alta","Presencial","Arte","NO","Caminando",20,"Regular","NO","SI","Riesgo_academico"
"32","E0032",23,"Masculino","Mecatronica",6,80,229,58,1,8,1,7,26,14289,"Media","Presencial","Arte","NO","Auto",7,"Limitado","SI","SI","Trabaja_y_estudia"
"33","E0033",19,"Masculino","Mecatronica",7,73,263,75,4,12,3,5,8,23881,"Baja","Hibrida","Deporte","SI","Auto",50,"Bueno","NO","SI","Jugador_digital"
"34","E0034",18,"Masculino","Administracion",5,88,210,73,9,12,5,8,4,18332,"Alta","Virtual","Ninguna","SI","Auto",41,"Bueno","SI","NO","Academico_moderado"
"35","E0035",21,"Masculino","Mecatronica",7,76,273,80,9,7,3,6,10,17488,"Media","Hibrida","Voluntariado","SI","Publico",10,"Regular","NO","NO","Academico_moderado"
"36","E0036",23,"Masculino","Administracion",4,68,162,86,9,23,0,6,14,20274,"Media","Virtual","Ninguna","SI","Caminando",40,"Bueno","NO","NO","Jugador_digital"
"37","E0037",22,"Masculino","Industrial",5,79,219,75,8,10,2,6,2,12805,"Baja","Hibrida","Ninguna","NO","Publico",59,"Bueno","SI","SI","Jugador_digital"
"38","E0038",19,"Masculino","Sistemas",4,80,148,96,4,3,0,6,7,25058,"Media","Hibrida","Ninguna","NO","Publico",38,"Bueno","SI","NO","Academico_moderado"
"39","E0039",20,"Masculino","Industrial",3,89,98,96,15,1,10,7,0,10107,"Alta","Presencial","Arte","NO","Auto",41,"Bueno","NO","NO","Alto_desempeno_integral"
"40","E0040",22,"Masculino","Administracion",5,81,177,96,11,9,8,7,0,26551,"Media","Presencial","Cultural","SI","Publico",51,"Bueno","NO","NO","Academico_moderado"
"41","E0041",24,"Masculino","Sistemas",3,60,98,82,2,12,0,7,20,18723,"Media","Presencial","Cultural","NO","Auto",59,"Limitado","SI","SI","Riesgo_academico"
"42","E0042",23,"Masculino","Civil",1,75,52,87,10,8,0,6,13,3564,"Media","Presencial","Ninguna","NO","Auto",40,"Bueno","NO","NO","Academico_moderado"
"43","E0043",23,"Femenino","Industrial",7,90,320,90,16,9,7,7,5,22913,"Media","Presencial","Ninguna","SI","Publico",32,"Bueno","NO","SI","Alto_desempeno_integral"
"44","E0044",21,"Femenino","Mecatronica",4,72,126,86,12,4,6,7,8,15605,"Media","Presencial","Voluntariado","NO","Publico",30,"Limitado","NO","NO","Academico_moderado"
"45","E0045",22,"Masculino","Sistemas",9,92,351,95,10,5,3,8,4,18987,"Baja","Hibrida","Cultural","SI","Auto",56,"Bueno","SI","NO","Alto_desempeno_integral"
"46","E0046",20,"Femenino","Sistemas",4,88,135,93,17,5,7,6,10,16838,"Baja","Presencial","Deporte","NO","Caminando",67,"Bueno","SI","SI","Alto_desempeno_integral"
"47","E0047",18,"Masculino","Sistemas",4,67,131,79,6,21,1,7,8,11225,"Baja","Presencial","Ninguna","NO","Publico",22,"Regular","SI","NO","Jugador_digital"
"48","E0048",21,"Femenino","Administracion",6,69,242,90,9,2,5,7,29,11311,"Baja","Presencial","Voluntariado","SI","Bicicleta",27,"Bueno","SI","NO","Trabaja_y_estudia"
"49","E0049",23,"Femenino","Administracion",7,60,265,78,2,20,2,7,10,7400,"Media","Virtual","Arte","NO","Auto",7,"Regular","SI","NO","Riesgo_academico"
"50","E0050",19,"Masculino","Electronica",5,88,158,96,15,1,4,9,6,8095,"Baja","Presencial","Deporte","SI","Bicicleta",47,"Bueno","NO","NO","Alto_desempeno_integral"
"51","E0051",21,"Femenino","Sistemas",5,84,202,88,14,3,7,7,2,13851,"Baja","Virtual","Voluntariado","NO","Auto",47,"Bueno","NO","NO","Alto_desempeno_integral"
"52","E0052",23,"Femenino","Industrial",5,66,192,72,2,12,5,4,18,3240,"Baja","Presencial","Ninguna","NO","Publico",51,"Regular","NO","NO","Riesgo_academico"
"53","E0053",18,"Femenino","Industrial",5,93,217,94,17,9,2,6,0,28949,"Alta","Presencial","Deporte","SI","Bicicleta",55,"Bueno","NO","NO","Alto_desempeno_integral"
"54","E0054",19,"Masculino","Administracion",5,76,153,80,11,11,5,7,14,18655,"Media","Hibrida","Ninguna","NO","Bicicleta",29,"Regular","SI","SI","Academico_moderado"
"55","E0055",21,"Femenino","Industrial",4,100,141,91,14,7,1,9,2,21504,"Alta","Presencial","Deporte","SI","Publico",35,"Bueno","NO","SI","Alto_desempeno_integral"
"56","E0056",18,"Masculino","Sistemas",5,72,183,73,2,24,1,6,0,17687,"Media","Hibrida","Ninguna","NO","Bicicleta",24,"Regular","NO","NO","Jugador_digital"
"57","E0057",24,"Masculino","Industrial",4,60,147,59,1,24,0,5,10,6857,"Baja","Presencial","Ninguna","NO","Caminando",23,"Bueno","SI","SI","Riesgo_academico"
"58","E0058",25,"Masculino","Mecatronica",8,81,311,88,11,5,3,7,2,19223,"Media","Hibrida","Ninguna","SI","Publico",7,"Bueno","NO","SI","Academico_moderado"
"59","E0059",19,"Femenino","Mecatronica",3,83,89,84,11,9,5,7,2,18564,"Alta","Presencial","Deporte","SI","Auto",7,"Limitado","NO","SI","Academico_moderado"
"60","E0060",19,"Femenino","Civil",4,80,113,83,9,26,0,8,11,21172,"Baja","Presencial","Ninguna","NO","Publico",51,"Regular","SI","NO","Jugador_digital"
"61","E0061",23,"Masculino","Administracion",4,68,131,72,0,25,2,6,0,21767,"Baja","Hibrida","Voluntariado","NO","Publico",23,"Bueno","NO","NO","Jugador_digital"
"62","E0062",19,"Femenino","Administracion",4,74,130,76,7,22,2,7,1,33748,"Baja","Presencial","Ninguna","NO","Auto",19,"Bueno","SI","NO","Jugador_digital"
"63","E0063",25,"Masculino","Administracion",7,73,283,70,6,20,1,7,9,16706,"Baja","Hibrida","Ninguna","NO","Auto",48,"Bueno","NO","NO","Jugador_digital"
"64","E0064",21,"Masculino","Industrial",3,91,127,90,16,5,12,7,2,24514,"Media","Presencial","Deporte","NO","Auto",23,"Regular","NO","NO","Alto_desempeno_integral"
"65","E0065",26,"Masculino","Administracion",7,65,294,71,4,13,0,5,32,6241,"Baja","Presencial","Ninguna","NO","Auto",57,"Bueno","NO","NO","Riesgo_academico"
"66","E0066",20,"Masculino","Sistemas",6,69,208,85,12,26,4,4,12,16389,"Media","Presencial","Ninguna","NO","Publico",60,"Bueno","NO","NO","Jugador_digital"
"67","E0067",27,"Femenino","Electronica",7,72,236,82,8,0,2,8,14,27272,"Media","Hibrida","Ninguna","SI","Auto",49,"Limitado","SI","NO","Academico_moderado"
"68","E0068",24,"Masculino","Administracion",2,69,113,68,5,26,2,5,15,16771,"Baja","Virtual","Cultural","NO","Publico",39,"Regular","NO","NO","Riesgo_academico"
"69","E0069",24,"Masculino","Administracion",5,88,174,100,19,5,7,8,0,14677,"Alta","Hibrida","Ninguna","NO","Publico",5,"Bueno","NO","SI","Alto_desempeno_integral"
"70","E0070",19,"Femenino","Sistemas",2,74,87,84,12,7,4,8,0,21009,"Media","Presencial","Cultural","NO","Auto",19,"Regular","NO","NO","Academico_moderado"
"71","E0071",19,"Masculino","Industrial",7,81,256,94,1,21,5,8,11,10998,"Media","Presencial","Deporte","NO","Auto",35,"Bueno","SI","SI","Jugador_digital"
"72","E0072",19,"Masculino","Industrial",2,85,53,82,11,4,4,7,10,23689,"Media","Virtual","Voluntariado","NO","Auto",29,"Bueno","NO","NO","Academico_moderado"
"73","E0073",18,"Masculino","Mecatronica",8,70,284,73,9,19,3,7,5,14459,"Media","Hibrida","Ninguna","SI","Publico",53,"Regular","NO","SI","Jugador_digital"
"74","E0074",21,"Masculino","Administracion",4,84,151,79,11,9,6,7,8,19200,"Media","Virtual","Ninguna","NO","Auto",38,"Regular","NO","SI","Academico_moderado"
"75","E0075",18,"Masculino","Industrial",6,79,222,84,11,6,6,6,1,17514,"Media","Presencial","Ninguna","SI","Auto",11,"Regular","NO","NO","Academico_moderado"
"76","E0076",21,"Masculino","Administracion",5,82,200,72,5,5,5,6,27,31683,"Baja","Presencial","Ninguna","SI","Caminando",38,"Limitado","NO","NO","Trabaja_y_estudia"
"77","E0077",21,"Masculino","Administracion",7,92,283,96,12,1,4,7,6,19440,"Media","Presencial","Arte","NO","Auto",14,"Bueno","SI","NO","Alto_desempeno_integral"
"78","E0078",18,"Femenino","Industrial",1,88,14,92,12,3,7,8,0,22833,"Media","Virtual","Voluntariado","NO","Publico",28,"Bueno","NO","SI","Alto_desempeno_integral"
"79","E0079",20,"Femenino","Administracion",9,81,336,84,6,3,2,7,36,3000,"Alta","Hibrida","Ninguna","SI","Auto",5,"Regular","NO","NO","Trabaja_y_estudia"
"80","E0080",21,"Femenino","Industrial",6,93,234,76,10,6,2,5,24,12289,"Baja","Hibrida","Voluntariado","NO","Publico",18,"Bueno","SI","SI","Trabaja_y_estudia"
"81","E0081",19,"Masculino","Electronica",4,81,146,95,11,9,5,7,4,24037,"Media","Presencial","Deporte","NO","Auto",5,"Bueno","NO","NO","Academico_moderado"
"82","E0082",22,"Femenino","Mecatronica",7,61,258,61,4,18,2,5,5,22930,"Media","Virtual","Deporte","NO","Auto",69,"Regular","SI","NO","Riesgo_academico"
"83","E0083",19,"Femenino","Mecatronica",6,69,212,90,8,4,3,7,34,20332,"Baja","Virtual","Ninguna","NO","Auto",74,"Regular","SI","SI","Trabaja_y_estudia"
"84","E0084",23,"Femenino","Mecatronica",4,66,132,44,5,11,3,7,20,14372,"Baja","Hibrida","Ninguna","NO","Publico",5,"Bueno","SI","SI","Riesgo_academico"
"85","E0085",23,"Masculino","Sistemas",3,81,102,89,7,0,3,5,13,24991,"Baja","Virtual","Arte","NO","Auto",56,"Regular","NO","NO","Academico_moderado"
"86","E0086",20,"Masculino","Administracion",5,94,181,96,18,4,10,7,1,36474,"Media","Presencial","Voluntariado","SI","Publico",29,"Regular","NO","SI","Alto_desempeno_integral"
"87","E0087",21,"Masculino","Mecatronica",6,74,241,73,12,7,6,7,0,10675,"Baja","Presencial","Voluntariado","NO","Auto",27,"Bueno","NO","NO","Academico_moderado"
"88","E0088",19,"Masculino","Mecatronica",8,76,284,76,10,8,0,4,34,12490,"Media","Virtual","Ninguna","NO","Auto",35,"Bueno","NO","NO","Trabaja_y_estudia"
"89","E0089",20,"Femenino","Civil",6,76,245,88,4,10,4,5,21,4739,"Alta","Virtual","Deporte","SI","Auto",41,"Limitado","NO","NO","Riesgo_academico"
"90","E0090",22,"Masculino","Electronica",4,95,166,94,11,5,6,9,2,17807,"Alta","Presencial","Deporte","SI","Publico",62,"Bueno","NO","SI","Alto_desempeno_integral"
"91","E0091",18,"Masculino","Mecatronica",6,76,242,67,13,12,3,8,0,10974,"Media","Hibrida","Ninguna","SI","Auto",46,"Regular","SI","NO","Jugador_digital"
"92","E0092",22,"Femenino","Sistemas",6,68,235,61,2,20,2,7,17,4302,"Media","Virtual","Ninguna","NO","Publico",13,"Limitado","SI","NO","Riesgo_academico"
"93","E0093",23,"Masculino","Mecatronica",6,74,239,89,6,0,5,7,25,14500,"Baja","Hibrida","Ninguna","NO","Auto",64,"Limitado","SI","SI","Trabaja_y_estudia"
"94","E0094",21,"Masculino","Civil",4,87,124,95,17,6,15,9,13,20672,"Alta","Presencial","Deporte","NO","Bicicleta",89,"Limitado","NO","NO","Alto_desempeno_integral"
"95","E0095",18,"Masculino","Sistemas",6,70,234,86,2,28,4,6,5,15925,"Media","Presencial","Cultural","NO","Bicicleta",61,"Bueno","NO","NO","Jugador_digital"
"96","E0096",21,"Masculino","Mecatronica",5,64,160,76,2,5,0,4,26,16891,"Baja","Presencial","Ninguna","NO","Publico",80,"Regular","SI","NO","Riesgo_academico"
"97","E0097",24,"Masculino","Mecatronica",8,62,271,60,2,16,2,5,25,8370,"Media","Presencial","Ninguna","SI","Publico",46,"Limitado","SI","NO","Riesgo_academico"
"98","E0098",25,"Femenino","Sistemas",6,80,244,84,12,23,3,4,7,18864,"Media","Presencial","Ninguna","NO","Caminando",31,"Bueno","SI","SI","Jugador_digital"
"99","E0099",20,"Masculino","Electronica",7,71,250,65,5,19,1,6,16,16170,"Baja","Presencial","Ninguna","NO","Caminando",51,"Bueno","SI","SI","Riesgo_academico"
"100","E0100",20,"Femenino","Administracion",6,85,241,98,11,5,5,8,8,8854,"Alta","Presencial","Deporte","SI","Auto",27,"Regular","NO","SI","Alto_desempeno_integral"
"101","E0101",20,"Masculino","Civil",5,62,214,70,4,17,1,4,10,4358,"Media","Presencial","Ninguna","NO","Publico",18,"Regular","NO","SI","Riesgo_academico"
"102","E0102",21,"Femenino","Administracion",8,75,284,92,8,3,4,6,13,19414,"Baja","Hibrida","Voluntariado","NO","Caminando",40,"Bueno","NO","SI","Academico_moderado"
"103","E0103",18,"No especifica","Industrial",4,67,116,77,6,12,3,5,18,13304,"Media","Presencial","Deporte","NO","Bicicleta",8,"Bueno","NO","NO","Riesgo_academico"
"104","E0104",22,"Femenino","Civil",6,80,254,82,14,4,1,7,0,14906,"Media","Presencial","Ninguna","NO","Auto",5,"Bueno","NO","NO","Academico_moderado"
"105","E0105",21,"Masculino","Civil",5,72,169,94,8,2,5,7,14,15518,"Media","Presencial","Cultural","NO","Caminando",58,"Regular","NO","SI","Academico_moderado"
"106","E0106",25,"Femenino","Industrial",6,71,240,67,5,10,2,8,11,5815,"Alta","Virtual","Ninguna","NO","Publico",42,"Bueno","NO","NO","Jugador_digital"
"107","E0107",18,"Femenino","Sistemas",4,73,139,83,3,23,4,5,2,27669,"Media","Hibrida","Ninguna","SI","Auto",49,"Bueno","NO","SI","Jugador_digital"
"108","E0108",21,"Femenino","Mecatronica",6,76,243,73,8,24,1,7,0,10166,"Alta","Hibrida","Ninguna","NO","Auto",40,"Bueno","NO","NO","Jugador_digital"
"109","E0109",21,"Masculino","Sistemas",3,71,109,82,13,27,2,5,12,6729,"Baja","Hibrida","Ninguna","NO","Publico",39,"Bueno","NO","SI","Jugador_digital"
"110","E0110",22,"Femenino","Industrial",7,80,260,86,13,5,6,7,8,23400,"Media","Presencial","Deporte","SI","Auto",50,"Bueno","SI","NO","Academico_moderado"
"111","E0111",21,"Femenino","Civil",6,78,241,74,6,21,1,6,10,3000,"Baja","Hibrida","Voluntariado","NO","Publico",23,"Bueno","SI","NO","Riesgo_academico"
"112","E0112",20,"Femenino","Sistemas",2,71,74,79,11,6,1,7,27,3276,"Media","Presencial","Arte","NO","Publico",45,"Bueno","NO","SI","Trabaja_y_estudia"
"113","E0113",25,"Masculino","Electronica",5,86,197,84,13,3,5,5,7,20519,"Media","Hibrida","Deporte","SI","Publico",28,"Bueno","NO","SI","Academico_moderado"
"114","E0114",19,"Masculino","Sistemas",1,72,46,74,4,5,6,5,21,14530,"Media","Virtual","Arte","NO","Auto",47,"Bueno","NO","NO","Trabaja_y_estudia"
"115","E0115",24,"Masculino","Administracion",7,61,265,70,6,17,0,6,19,14429,"Baja","Hibrida","Arte","NO","Bicicleta",25,"Bueno","NO","NO","Riesgo_academico"
"116","E0116",26,"Masculino","Civil",5,89,187,96,13,4,8,8,4,26775,"Media","Presencial","Voluntariado","SI","Publico",31,"Regular","NO","NO","Alto_desempeno_integral"
"117","E0117",18,"Masculino","Civil",2,69,67,88,7,4,3,7,3,26572,"Alta","Presencial","Ninguna","NO","Auto",54,"Regular","NO","NO","Academico_moderado"
"118","E0118",20,"Femenino","Industrial",2,76,22,86,19,5,8,7,0,13922,"Alta","Virtual","Ninguna","NO","Caminando",29,"Bueno","SI","NO","Alto_desempeno_integral"
"119","E0119",18,"Femenino","Civil",6,64,226,74,3,18,2,7,17,3927,"Media","Hibrida","Ninguna","NO","Publico",31,"Regular","NO","SI","Riesgo_academico"
"120","E0120",20,"Masculino","Mecatronica",4,68,157,77,10,8,1,5,39,12122,"Media","Presencial","Ninguna","NO","Caminando",68,"Bueno","NO","SI","Trabaja_y_estudia"
"121","E0121",21,"Masculino","Administracion",4,79,143,86,10,3,6,6,28,11486,"Baja","Presencial","Ninguna","NO","Auto",10,"Bueno","SI","NO","Trabaja_y_estudia"
"122","E0122",24,"Masculino","Sistemas",4,62,176,68,9,25,0,7,15,15495,"Media","Hibrida","Ninguna","NO","Publico",23,"Regular","NO","SI","Jugador_digital"
"123","E0123",20,"Masculino","Electronica",5,87,212,93,17,3,12,7,2,32741,"Media","Presencial","Cultural","SI","Bicicleta",38,"Bueno","NO","NO","Alto_desempeno_integral"
"124","E0124",21,"Femenino","Mecatronica",5,52,183,67,2,20,2,4,8,10002,"Baja","Hibrida","Cultural","NO","Publico",30,"Bueno","SI","SI","Riesgo_academico"
"125","E0125",22,"Masculino","Sistemas",7,72,265,64,3,18,2,6,26,12261,"Baja","Hibrida","Ninguna","NO","Auto",58,"Regular","NO","SI","Riesgo_academico"
"126","E0126",20,"Femenino","Mecatronica",7,70,252,65,1,17,1,6,2,5253,"Baja","Virtual","Arte","NO","Publico",48,"Regular","SI","NO","Riesgo_academico"
"127","E0127",23,"Femenino","Sistemas",5,87,205,80,12,4,4,8,0,25935,"Media","Virtual","Arte","NO","Publico",10,"Bueno","NO","NO","Academico_moderado"
"128","E0128",20,"Femenino","Electronica",3,76,106,100,12,4,4,6,27,22694,"Media","Virtual","Arte","NO","Caminando",29,"Bueno","NO","NO","Academico_moderado"
"129","E0129",22,"Femenino","Civil",5,80,201,84,4,8,4,6,5,28104,"Alta","Presencial","Cultural","NO","Caminando",50,"Limitado","SI","SI","Academico_moderado"
"130","E0130",20,"Masculino","Industrial",3,62,122,59,2,15,0,7,12,6501,"Baja","Presencial","Ninguna","NO","Publico",31,"Regular","SI","NO","Riesgo_academico"
"131","E0131",20,"Femenino","Electronica",5,90,198,92,20,4,1,6,0,20892,"Media","Presencial","Voluntariado","NO","Publico",46,"Bueno","NO","NO","Alto_desempeno_integral"
"132","E0132",20,"Femenino","Administracion",3,78,123,95,7,11,5,6,8,26368,"Media","Presencial","Ninguna","NO","Publico",29,"Limitado","NO","SI","Academico_moderado"
"133","E0133",23,"Masculino","Mecatronica",3,72,139,80,8,3,2,7,19,22072,"Media","Presencial","Ninguna","NO","Publico",49,"Regular","SI","SI","Trabaja_y_estudia"
"134","E0134",20,"Masculino","Sistemas",4,72,137,81,6,6,4,4,29,13800,"Baja","Presencial","Cultural","NO","Publico",45,"Bueno","NO","NO","Trabaja_y_estudia"
"135","E0135",21,"Femenino","Electronica",6,79,243,67,10,22,2,6,10,23353,"Media","Presencial","Cultural","NO","Bicicleta",5,"Bueno","NO","NO","Jugador_digital"
"136","E0136",23,"Masculino","Industrial",5,81,189,78,10,13,2,6,17,10363,"Media","Virtual","Deporte","SI","Publico",49,"Limitado","SI","NO","Academico_moderado"
"137","E0137",25,"Femenino","Mecatronica",2,74,47,78,2,20,1,7,11,22406,"Media","Virtual","Deporte","NO","Publico",50,"Bueno","NO","NO","Jugador_digital"
"138","E0138",21,"Masculino","Sistemas",5,80,177,83,9,14,0,5,12,23334,"Media","Presencial","Ninguna","NO","Publico",11,"Bueno","NO","NO","Academico_moderado"
"139","E0139",22,"Masculino","Electronica",4,96,151,91,17,8,6,8,13,11530,"Alta","Presencial","Cultural","NO","Publico",5,"Bueno","NO","NO","Alto_desempeno_integral"
"140","E0140",20,"Masculino","Civil",2,78,69,86,9,12,6,6,8,13207,"Media","Presencial","Voluntariado","NO","Publico",45,"Bueno","SI","NO","Academico_moderado"
"141","E0141",22,"Masculino","Industrial",5,72,175,75,7,8,5,6,36,3000,"Media","Presencial","Ninguna","NO","Publico",29,"Limitado","SI","NO","Trabaja_y_estudia"
"142","E0142",22,"Masculino","Mecatronica",4,77,140,87,11,8,5,8,17,13263,"Baja","Presencial","Voluntariado","NO","Auto",27,"Regular","NO","NO","Academico_moderado"
"143","E0143",21,"Femenino","Industrial",8,80,315,91,6,12,5,6,5,20967,"Media","Presencial","Voluntariado","NO","Publico",24,"Limitado","SI","NO","Academico_moderado"
"144","E0144",21,"Femenino","Administracion",6,95,229,100,11,2,7,8,9,28325,"Media","Virtual","Voluntariado","NO","Publico",30,"Bueno","NO","NO","Alto_desempeno_integral"
"145","E0145",20,"Masculino","Industrial",5,92,157,77,12,0,4,6,21,15057,"Alta","Hibrida","Cultural","SI","Caminando",22,"Regular","NO","SI","Trabaja_y_estudia"
"146","E0146",23,"Masculino","Industrial",5,85,179,88,17,9,10,8,7,7398,"Media","Virtual","Deporte","NO","Publico",5,"Bueno","SI","SI","Alto_desempeno_integral"
"147","E0147",21,"Masculino","Electronica",3,71,124,68,10,26,2,5,14,21804,"Media","Presencial","Ninguna","SI","Caminando",27,"Bueno","NO","NO","Jugador_digital"
"148","E0148",18,"Masculino","Sistemas",5,81,173,78,3,4,6,5,19,13548,"Media","Hibrida","Ninguna","NO","Auto",21,"Limitado","NO","NO","Trabaja_y_estudia"
"149","E0149",18,"Femenino","Industrial",6,79,256,85,5,24,2,7,0,19739,"Baja","Virtual","Ninguna","NO","Caminando",13,"Bueno","SI","NO","Jugador_digital"
"150","E0150",23,"Femenino","Sistemas",8,79,311,85,9,12,2,8,10,21063,"Baja","Presencial","Ninguna","NO","Publico",50,"Bueno","SI","NO","Jugador_digital"
"151","E0151",18,"Masculino","Sistemas",5,70,219,71,8,1,1,6,34,11727,"Media","Hibrida","Ninguna","NO","Caminando",39,"Regular","SI","NO","Trabaja_y_estudia"
"152","E0152",27,"Femenino","Sistemas",9,85,311,95,21,6,14,7,1,29664,"Media","Hibrida","Ninguna","SI","Caminando",31,"Bueno","NO","SI","Alto_desempeno_integral"
"153","E0153",19,"Femenino","Administracion",3,61,100,67,3,17,0,6,21,11441,"Media","Virtual","Ninguna","NO","Publico",52,"Bueno","SI","NO","Riesgo_academico"
"154","E0154",21,"Femenino","Mecatronica",5,84,195,92,13,5,6,10,0,34506,"Media","Presencial","Arte","SI","Auto",28,"Bueno","NO","SI","Alto_desempeno_integral"
"155","E0155",21,"Femenino","Administracion",2,72,116,74,13,6,6,4,22,11972,"Media","Hibrida","Ninguna","NO","Auto",51,"Regular","NO","SI","Trabaja_y_estudia"
"156","E0156",22,"Masculino","Industrial",7,68,254,70,2,0,3,6,22,8193,"Baja","Virtual","Voluntariado","NO","Auto",13,"Regular","NO","NO","Trabaja_y_estudia"
"157","E0157",23,"Masculino","Sistemas",5,84,171,69,13,7,2,5,42,12626,"Media","Hibrida","Ninguna","NO","Caminando",58,"Bueno","NO","NO","Trabaja_y_estudia"
"158","E0158",20,"Femenino","Electronica",5,69,211,71,9,9,1,8,0,12833,"Media","Presencial","Ninguna","NO","Publico",38,"Bueno","NO","NO","Jugador_digital"
"159","E0159",22,"Femenino","Sistemas",7,71,276,74,3,23,3,5,24,14643,"Baja","Hibrida","Ninguna","NO","Publico",5,"Regular","SI","NO","Riesgo_academico"
"160","E0160",21,"Masculino","Electronica",4,91,142,96,16,0,2,7,9,34820,"Alta","Virtual","Arte","NO","Publico",39,"Bueno","SI","NO","Alto_desempeno_integral"
"161","E0161",19,"Femenino","Industrial",4,95,147,93,24,11,1,9,6,17835,"Baja","Presencial","Deporte","SI","Auto",20,"Regular","NO","NO","Alto_desempeno_integral"
"162","E0162",23,"Femenino","Mecatronica",2,84,91,94,13,7,6,8,4,32796,"Media","Presencial","Cultural","NO","Auto",44,"Bueno","NO","NO","Alto_desempeno_integral"
"163","E0163",19,"Femenino","Industrial",5,77,182,81,10,12,7,7,9,8231,"Alta","Virtual","Cultural","NO","Caminando",38,"Bueno","NO","SI","Academico_moderado"
"164","E0164",23,"Masculino","Civil",8,71,281,69,6,23,0,7,10,13486,"Baja","Presencial","Ninguna","NO","Auto",35,"Regular","SI","NO","Riesgo_academico"
"165","E0165",18,"Femenino","Electronica",5,72,202,72,12,13,5,5,32,6678,"Media","Hibrida","Cultural","SI","Publico",36,"Limitado","NO","SI","Trabaja_y_estudia"
"166","E0166",24,"Femenino","Sistemas",3,80,95,91,10,12,10,7,19,20084,"Media","Hibrida","Deporte","SI","Publico",35,"Bueno","SI","NO","Academico_moderado"
"167","E0167",19,"Femenino","Electronica",7,67,261,62,4,12,2,5,15,5011,"Media","Virtual","Voluntariado","NO","Auto",74,"Limitado","NO","NO","Riesgo_academico"
"168","E0168",21,"Femenino","Administracion",8,98,344,95,21,6,8,8,0,13153,"Alta","Presencial","Ninguna","NO","Caminando",26,"Bueno","SI","NO","Alto_desempeno_integral"
"169","E0169",23,"Femenino","Mecatronica",6,64,216,75,7,14,0,8,10,4523,"Media","Presencial","Ninguna","NO","Publico",77,"Regular","SI","NO","Riesgo_academico"
"170","E0170",21,"Masculino","Civil",1,70,35,81,6,26,3,5,0,13101,"Baja","Hibrida","Ninguna","NO","Bicicleta",67,"Regular","SI","SI","Jugador_digital"
"171","E0171",20,"Masculino","Administracion",9,74,342,82,4,4,9,7,20,8991,"Alta","Presencial","Ninguna","NO","Caminando",45,"Bueno","SI","SI","Academico_moderado"
"172","E0172",25,"Masculino","Sistemas",5,77,207,74,6,7,5,6,34,17388,"Media","Presencial","Voluntariado","NO","Bicicleta",26,"Regular","NO","SI","Trabaja_y_estudia"
"173","E0173",23,"Femenino","Sistemas",1,60,57,62,3,25,1,6,5,7787,"Media","Hibrida","Ninguna","NO","Publico",26,"Bueno","SI","SI","Riesgo_academico"
"174","E0174",18,"Femenino","Civil",7,88,225,96,15,6,12,7,5,19630,"Alta","Presencial","Cultural","SI","Caminando",33,"Bueno","SI","NO","Alto_desempeno_integral"
"175","E0175",20,"Femenino","Mecatronica",6,77,200,86,7,16,5,8,0,16143,"Media","Presencial","Ninguna","NO","Caminando",5,"Bueno","NO","SI","Academico_moderado"
"176","E0176",19,"Masculino","Administracion",5,66,191,69,5,10,1,4,16,15592,"Baja","Presencial","Ninguna","NO","Auto",37,"Bueno","SI","SI","Riesgo_academico"
"177","E0177",23,"Masculino","Sistemas",6,60,252,56,7,2,0,4,19,9060,"Baja","Presencial","Ninguna","NO","Auto",21,"Limitado","NO","SI","Riesgo_academico"
"178","E0178",21,"Masculino","Mecatronica",8,70,300,64,8,2,0,7,25,15821,"Baja","Presencial","Ninguna","NO","Auto",5,"Regular","NO","SI","Trabaja_y_estudia"
"179","E0179",23,"Masculino","Sistemas",6,64,242,68,7,21,3,5,18,16078,"Baja","Presencial","Arte","NO","Publico",41,"Regular","SI","NO","Riesgo_academico"
"180","E0180",26,"Masculino","Sistemas",4,90,158,100,13,3,7,8,13,30113,"Alta","Presencial","Deporte","SI","Caminando",19,"Regular","NO","NO","Alto_desempeno_integral"
"181","E0181",23,"Masculino","Industrial",7,90,287,90,12,0,11,7,0,31006,"Media","Hibrida","Deporte","SI","Caminando",67,"Bueno","NO","NO","Alto_desempeno_integral"
"182","E0182",23,"Femenino","Sistemas",7,76,223,80,15,6,4,8,1,18602,"Media","Virtual","Ninguna","NO","Auto",60,"Bueno","SI","SI","Academico_moderado"
"183","E0183",21,"Masculino","Industrial",5,88,170,97,20,7,3,8,0,22181,"Baja","Virtual","Arte","NO","Auto",47,"Bueno","NO","NO","Alto_desempeno_integral"
"184","E0184",21,"Femenino","Civil",3,77,99,92,5,6,3,4,22,11363,"Media","Presencial","Ninguna","NO","Publico",48,"Regular","SI","NO","Trabaja_y_estudia"
"185","E0185",21,"Femenino","Administracion",6,71,244,53,5,15,2,6,6,7713,"Media","Presencial","Arte","NO","Publico",73,"Limitado","NO","NO","Riesgo_academico"
"186","E0186",24,"Femenino","Electronica",6,89,207,100,25,9,6,7,9,19079,"Baja","Virtual","Voluntariado","SI","Publico",56,"Regular","NO","NO","Alto_desempeno_integral"
"187","E0187",22,"Femenino","Mecatronica",5,89,172,99,14,4,6,6,3,29557,"Alta","Presencial","Deporte","NO","Publico",18,"Bueno","NO","NO","Alto_desempeno_integral"
"188","E0188",18,"Femenino","Administracion",5,76,201,72,8,9,4,7,15,23297,"Media","Virtual","Arte","NO","Auto",5,"Regular","SI","NO","Academico_moderado"
"189","E0189",23,"Femenino","Sistemas",6,62,203,59,2,31,1,5,25,5995,"Media","Hibrida","Ninguna","NO","Publico",55,"Bueno","NO","NO","Riesgo_academico"
"190","E0190",22,"Masculino","Civil",1,77,16,82,9,12,3,8,6,11080,"Media","Presencial","Ninguna","NO","Auto",39,"Bueno","NO","SI","Jugador_digital"
"191","E0191",21,"Masculino","Sistemas",3,74,110,70,9,10,1,6,11,10772,"Media","Presencial","Ninguna","NO","Caminando",41,"Regular","SI","NO","Riesgo_academico"
"192","E0192",19,"Femenino","Electronica",6,97,195,97,15,7,8,8,0,24800,"Alta","Hibrida","Cultural","NO","Auto",38,"Bueno","SI","NO","Alto_desempeno_integral"
"193","E0193",23,"Masculino","Administracion",4,86,147,89,22,0,9,8,5,17613,"Baja","Presencial","Arte","NO","Auto",15,"Regular","NO","SI","Alto_desempeno_integral"
"194","E0194",18,"Femenino","Administracion",6,89,225,95,15,6,4,7,3,31421,"Alta","Presencial","Arte","NO","Publico",27,"Bueno","NO","NO","Alto_desempeno_integral"
"195","E0195",19,"Femenino","Electronica",5,69,181,66,4,16,0,5,38,21026,"Baja","Presencial","Cultural","NO","Caminando",42,"Bueno","NO","SI","Riesgo_academico"
"196","E0196",25,"Masculino","Civil",3,75,120,89,12,7,3,8,14,18491,"Media","Presencial","Ninguna","NO","Publico",25,"Bueno","NO","NO","Academico_moderado"
"197","E0197",22,"Masculino","Mecatronica",7,83,274,98,21,4,8,7,5,17187,"Media","Presencial","Cultural","NO","Auto",38,"Bueno","NO","NO","Alto_desempeno_integral"
"198","E0198",21,"Femenino","Administracion",6,90,223,94,21,6,9,9,10,23940,"Media","Presencial","Arte","NO","Auto",22,"Bueno","NO","SI","Alto_desempeno_integral"
"199","E0199",18,"Masculino","Sistemas",6,89,203,100,16,3,4,8,4,20767,"Media","Presencial","Voluntariado","NO","Auto",51,"Bueno","NO","NO","Alto_desempeno_integral"
"200","E0200",23,"Masculino","Mecatronica",5,88,200,90,18,3,8,8,5,27307,"Alta","Hibrida","Arte","NO","Caminando",33,"Regular","SI","SI","Alto_desempeno_integral"
"201","E0201",20,"Masculino","Sistemas",3,80,118,82,9,12,4,8,10,13741,"Media","Hibrida","Ninguna","SI","Auto",21,"Limitado","NO","NO","Academico_moderado"
"202","E0202",18,"Femenino","Civil",3,80,131,84,8,10,6,7,34,18482,"Media","Virtual","Deporte","NO","Auto",39,"Bueno","SI","SI","Trabaja_y_estudia"
"203","E0203",20,"Femenino","Sistemas",4,85,141,94,13,4,4,7,11,13315,"Alta","Presencial","Deporte","NO","Caminando",6,"Bueno","SI","SI","Alto_desempeno_integral"
"204","E0204",22,"Femenino","Mecatronica",5,90,180,98,10,0,4,7,7,18914,"Media","Presencial","Arte","NO","Auto",48,"Bueno","NO","SI","Alto_desempeno_integral"
"205","E0205",27,"Femenino","Industrial",1,87,36,95,17,3,11,8,0,17722,"Media","Virtual","Cultural","SI","Auto",20,"Bueno","NO","SI","Alto_desempeno_integral"
"206","E0206",24,"Masculino","Sistemas",6,69,204,66,2,11,1,6,17,5985,"Media","Presencial","Ninguna","NO","Bicicleta",64,"Bueno","SI","SI","Riesgo_academico"
"207","E0207",22,"Masculino","Mecatronica",6,66,212,82,6,7,4,6,24,16691,"Alta","Hibrida","Ninguna","NO","Caminando",44,"Bueno","NO","SI","Trabaja_y_estudia"
"208","E0208",19,"Masculino","Administracion",4,92,145,100,19,3,3,7,3,24413,"Alta","Presencial","Ninguna","NO","Publico",20,"Regular","NO","SI","Alto_desempeno_integral"
"209","E0209",23,"Masculino","Administracion",6,72,216,81,7,5,4,5,35,11135,"Alta","Hibrida","Cultural","NO","Caminando",20,"Regular","SI","SI","Trabaja_y_estudia"
"210","E0210",23,"Masculino","Sistemas",5,65,162,69,4,10,2,5,30,12053,"Baja","Presencial","Ninguna","NO","Bicicleta",24,"Regular","NO","SI","Riesgo_academico"
"211","E0211",20,"Masculino","Administracion",2,67,82,72,8,30,0,7,0,14650,"Media","Presencial","Ninguna","NO","Publico",52,"Regular","SI","NO","Jugador_digital"
"212","E0212",23,"Masculino","Electronica",8,67,317,78,8,19,4,8,0,19984,"Media","Presencial","Ninguna","NO","Auto",10,"Bueno","SI","NO","Jugador_digital"
"213","E0213",19,"Femenino","Electronica",6,62,215,84,10,22,4,5,0,17990,"Media","Presencial","Ninguna","NO","Auto",42,"Regular","SI","NO","Jugador_digital"
"214","E0214",22,"Femenino","Sistemas",2,70,112,94,6,13,7,6,14,17391,"Baja","Virtual","Ninguna","NO","Bicicleta",55,"Regular","NO","NO","Academico_moderado"
"215","E0215",22,"Masculino","Industrial",9,86,331,88,14,6,8,6,0,18566,"Media","Presencial","Arte","NO","Publico",36,"Bueno","SI","SI","Alto_desempeno_integral"
"216","E0216",19,"Femenino","Civil",4,73,120,79,13,2,6,7,19,23316,"Media","Presencial","Voluntariado","SI","Publico",28,"Bueno","SI","NO","Academico_moderado"
"217","E0217",24,"Masculino","Electronica",5,75,174,84,5,13,4,7,2,19568,"Media","Hibrida","Voluntariado","NO","Auto",46,"Bueno","SI","SI","Academico_moderado"
"218","E0218",18,"Femenino","Electronica",5,73,177,86,5,11,6,8,10,20511,"Media","Virtual","Deporte","NO","Publico",51,"Bueno","NO","NO","Academico_moderado"
"219","E0219",20,"Masculino","Mecatronica",5,94,181,90,15,4,6,8,5,19839,"Media","Presencial","Voluntariado","NO","Auto",27,"Bueno","SI","SI","Alto_desempeno_integral"
"220","E0220",23,"Masculino","Administracion",1,73,72,85,8,12,5,7,0,26212,"Media","Presencial","Voluntariado","NO","Caminando",5,"Bueno","SI","NO","Academico_moderado"
"221","E0221",25,"Femenino","Administracion",4,89,161,95,22,6,4,8,0,23804,"Media","Hibrida","Deporte","SI","Caminando",44,"Bueno","NO","NO","Alto_desempeno_integral"
"222","E0222",18,"Femenino","Mecatronica",2,70,85,67,4,23,0,5,1,8422,"Baja","Presencial","Ninguna","NO","Publico",45,"Limitado","SI","NO","Riesgo_academico"
"223","E0223",19,"Masculino","Sistemas",8,68,307,68,8,6,7,7,32,17592,"Alta","Presencial","Ninguna","NO","Publico",59,"Limitado","NO","SI","Trabaja_y_estudia"
"224","E0224",22,"Masculino","Administracion",6,69,248,79,1,20,0,5,8,16005,"Baja","Hibrida","Ninguna","NO","Publico",29,"Bueno","SI","NO","Jugador_digital"
"225","E0225",22,"Masculino","Industrial",4,72,127,86,11,6,4,4,2,10652,"Alta","Presencial","Voluntariado","NO","Publico",41,"Limitado","SI","NO","Academico_moderado"
"226","E0226",23,"Masculino","Sistemas",5,90,160,92,20,7,6,8,0,28523,"Media","Presencial","Deporte","SI","Publico",12,"Bueno","NO","NO","Alto_desempeno_integral"
"227","E0227",21,"Masculino","Administracion",4,83,167,78,12,0,4,8,7,16730,"Media","Presencial","Ninguna","NO","Caminando",52,"Bueno","NO","NO","Academico_moderado"
"228","E0228",21,"Masculino","Civil",5,75,217,53,7,5,0,6,46,9654,"Baja","Hibrida","Ninguna","NO","Publico",13,"Regular","SI","SI","Trabaja_y_estudia"
"229","E0229",18,"Femenino","Mecatronica",1,62,69,90,2,18,2,5,1,26703,"Media","Presencial","Ninguna","NO","Publico",36,"Bueno","SI","NO","Jugador_digital"
"230","E0230",18,"Femenino","Industrial",7,75,250,73,9,23,3,7,13,23638,"Baja","Hibrida","Ninguna","NO","Caminando",9,"Bueno","NO","NO","Jugador_digital"
"231","E0231",23,"Masculino","Mecatronica",4,76,161,87,7,7,1,6,34,12951,"Baja","Presencial","Ninguna","NO","Publico",13,"Regular","SI","SI","Trabaja_y_estudia"
"232","E0232",23,"Femenino","Administracion",4,86,158,98,15,6,8,8,4,15845,"Media","Hibrida","Deporte","NO","Publico",40,"Regular","SI","NO","Alto_desempeno_integral"
"233","E0233",24,"Masculino","Sistemas",6,85,245,96,18,5,7,8,6,28540,"Media","Presencial","Deporte","SI","Publico",5,"Regular","NO","NO","Alto_desempeno_integral"
"234","E0234",19,"Masculino","Civil",5,64,180,71,7,19,3,6,5,3000,"Media","Hibrida","Ninguna","NO","Caminando",37,"Bueno","NO","NO","Jugador_digital"
"235","E0235",21,"Femenino","Industrial",6,83,228,76,12,5,2,7,10,23330,"Baja","Hibrida","Ninguna","NO","Publico",21,"Bueno","SI","SI","Academico_moderado"
"236","E0236",22,"Masculino","Industrial",5,74,191,82,9,20,4,7,4,29068,"Media","Presencial","Ninguna","NO","Publico",37,"Bueno","NO","NO","Jugador_digital"
"237","E0237",22,"Femenino","Sistemas",5,88,237,100,19,2,11,6,11,22011,"Media","Presencial","Deporte","SI","Auto",36,"Bueno","NO","SI","Alto_desempeno_integral"
"238","E0238",20,"Masculino","Sistemas",6,74,230,82,14,10,4,7,12,4443,"Media","Presencial","Ninguna","SI","Auto",56,"Bueno","NO","NO","Academico_moderado"
"239","E0239",25,"Masculino","Sistemas",5,71,153,74,12,25,3,6,10,19124,"Media","Presencial","Cultural","NO","Caminando",16,"Regular","NO","NO","Jugador_digital"
"240","E0240",23,"Masculino","Industrial",8,66,298,80,8,25,1,7,12,12145,"Baja","Presencial","Ninguna","NO","Auto",40,"Regular","SI","SI","Jugador_digital"
"241","E0241",18,"No especifica","Administracion",5,75,185,80,6,27,1,7,3,3273,"Media","Hibrida","Ninguna","NO","Publico",34,"Regular","NO","NO","Jugador_digital"
"242","E0242",23,"Masculino","Sistemas",7,75,273,88,11,5,4,7,8,13644,"Media","Hibrida","Ninguna","NO","Publico",37,"Regular","NO","NO","Academico_moderado"
"243","E0243",21,"Femenino","Electronica",5,80,144,81,17,5,2,5,18,5252,"Baja","Presencial","Ninguna","NO","Publico",33,"Regular","NO","NO","Trabaja_y_estudia"
"244","E0244",20,"Femenino","Civil",4,72,129,75,5,26,3,5,0,33006,"Baja","Presencial","Ninguna","SI","Auto",76,"Bueno","NO","NO","Jugador_digital"
"245","E0245",21,"Masculino","Sistemas",7,68,273,80,12,12,2,5,2,22421,"Baja","Virtual","Arte","NO","Bicicleta",52,"Bueno","SI","NO","Jugador_digital"
"246","E0246",22,"Masculino","Industrial",2,91,84,88,8,4,3,6,11,7826,"Media","Hibrida","Voluntariado","NO","Publico",51,"Bueno","NO","NO","Academico_moderado"
"247","E0247",19,"Masculino","Civil",3,71,112,89,9,9,3,8,0,17022,"Baja","Virtual","Ninguna","NO","Bicicleta",34,"Bueno","NO","NO","Academico_moderado"
"248","E0248",18,"Masculino","Sistemas",6,64,201,82,8,2,4,7,22,13169,"Media","Hibrida","Ninguna","NO","Bicicleta",59,"Bueno","SI","SI","Trabaja_y_estudia"
"249","E0249",23,"Masculino","Sistemas",5,86,205,90,19,1,8,6,11,11997,"Media","Presencial","Deporte","SI","Publico",43,"Bueno","NO","NO","Alto_desempeno_integral"
"250","E0250",18,"Femenino","Electronica",6,62,223,52,2,17,1,6,15,9747,"Baja","Presencial","Ninguna","NO","Auto",51,"Regular","SI","SI","Riesgo_academico"
"251","E0251",23,"Femenino","Sistemas",8,73,282,87,8,6,3,7,1,30757,"Media","Hibrida","Voluntariado","NO","Auto",86,"Limitado","SI","NO","Academico_moderado"
"252","E0252",21,"Masculino","Mecatronica",4,97,165,98,16,7,16,7,12,30557,"Media","Hibrida","Ninguna","NO","Publico",5,"Limitado","NO","SI","Alto_desempeno_integral"
"253","E0253",18,"Masculino","Sistemas",5,70,188,73,4,1,0,6,18,15994,"Alta","Presencial","Ninguna","NO","Caminando",30,"Regular","SI","SI","Trabaja_y_estudia"
"254","E0254",24,"Femenino","Civil",3,77,115,69,11,4,2,6,32,13696,"Alta","Presencial","Ninguna","NO","Auto",25,"Limitado","NO","SI","Trabaja_y_estudia"
"255","E0255",21,"Masculino","Industrial",4,70,135,84,10,5,6,5,28,8792,"Baja","Presencial","Voluntariado","NO","Auto",28,"Regular","NO","SI","Trabaja_y_estudia"
"256","E0256",19,"Femenino","Administracion",5,81,183,80,8,5,3,8,16,26249,"Media","Hibrida","Deporte","SI","Publico",48,"Limitado","NO","SI","Academico_moderado"
"257","E0257",22,"Femenino","Administracion",4,81,118,88,7,6,4,6,8,11280,"Baja","Presencial","Deporte","NO","Publico",50,"Limitado","NO","SI","Academico_moderado"
"258","E0258",20,"Femenino","Mecatronica",5,75,202,62,4,2,5,7,32,16881,"Baja","Hibrida","Ninguna","NO","Auto",37,"Bueno","NO","SI","Trabaja_y_estudia"
"259","E0259",18,"Femenino","Administracion",1,82,20,86,6,2,4,6,8,19784,"Alta","Presencial","Ninguna","NO","Publico",45,"Regular","NO","SI","Academico_moderado"
"260","E0260",19,"Femenino","Industrial",5,75,239,87,8,1,3,7,35,14689,"Media","Virtual","Deporte","NO","Bicicleta",34,"Regular","NO","NO","Trabaja_y_estudia"
"261","E0261",23,"Masculino","Civil",5,67,168,69,8,30,2,5,0,20044,"Baja","Presencial","Ninguna","NO","Auto",54,"Bueno","SI","NO","Jugador_digital"
"262","E0262",21,"Femenino","Mecatronica",5,53,185,82,4,6,2,8,0,11087,"Baja","Presencial","Ninguna","NO","Auto",20,"Limitado","SI","SI","Riesgo_academico"
"263","E0263",19,"Femenino","Industrial",7,84,284,94,14,10,0,7,0,25457,"Media","Presencial","Voluntariado","NO","Auto",25,"Regular","NO","SI","Alto_desempeno_integral"
"264","E0264",23,"Masculino","Industrial",9,64,331,41,5,6,2,4,23,7937,"Baja","Presencial","Ninguna","NO","Publico",5,"Regular","SI","NO","Riesgo_academico"
"265","E0265",23,"Femenino","Industrial",6,73,224,96,8,5,8,8,0,7887,"Baja","Presencial","Ninguna","NO","Publico",31,"Bueno","NO","NO","Academico_moderado"
"266","E0266",24,"Femenino","Sistemas",5,86,166,86,22,9,5,8,0,29639,"Alta","Virtual","Voluntariado","SI","Publico",5,"Regular","NO","SI","Alto_desempeno_integral"
"267","E0267",24,"Masculino","Industrial",3,81,141,83,10,10,5,6,11,18781,"Media","Presencial","Arte","NO","Auto",42,"Bueno","SI","NO","Academico_moderado"
"268","E0268",24,"Femenino","Civil",2,68,97,78,14,11,5,7,13,18482,"Media","Presencial","Ninguna","SI","Bicicleta",15,"Regular","SI","NO","Jugador_digital"
"269","E0269",22,"Femenino","Electronica",9,88,340,84,11,8,3,6,23,21848,"Media","Presencial","Ninguna","NO","Publico",51,"Regular","NO","SI","Academico_moderado"
"270","E0270",20,"Femenino","Electronica",5,75,206,81,11,6,3,6,12,22433,"Media","Hibrida","Deporte","NO","Auto",22,"Regular","SI","SI","Academico_moderado"
"271","E0271",24,"Femenino","Electronica",7,76,266,66,8,0,0,6,16,13762,"Baja","Virtual","Ninguna","NO","Publico",63,"Regular","NO","NO","Trabaja_y_estudia"
"272","E0272",24,"Femenino","Mecatronica",4,76,144,78,7,31,1,7,4,13570,"Media","Virtual","Ninguna","NO","Caminando",26,"Bueno","NO","SI","Jugador_digital"
"273","E0273",23,"Masculino","Civil",6,71,231,89,13,9,4,8,4,9269,"Media","Virtual","Deporte","NO","Publico",28,"Bueno","NO","NO","Academico_moderado"
"274","E0274",21,"Masculino","Industrial",3,73,87,79,4,28,1,4,5,17377,"Baja","Presencial","Ninguna","SI","Auto",6,"Bueno","NO","NO","Jugador_digital"
"275","E0275",24,"Femenino","Mecatronica",3,88,101,90,14,8,6,8,4,27414,"Alta","Presencial","Arte","NO","Publico",5,"Bueno","NO","SI","Alto_desempeno_integral"
"276","E0276",18,"Femenino","Sistemas",9,77,345,80,5,6,2,6,0,6147,"Media","Virtual","Ninguna","NO","Auto",48,"Bueno","NO","NO","Jugador_digital"
"277","E0277",23,"Femenino","Civil",8,87,280,100,17,3,8,7,0,13215,"Alta","Hibrida","Deporte","SI","Caminando",36,"Regular","NO","SI","Alto_desempeno_integral"
"278","E0278",18,"Femenino","Electronica",10,62,371,57,3,16,0,6,6,17508,"Baja","Presencial","Ninguna","NO","Publico",47,"Bueno","SI","SI","Riesgo_academico"
"279","E0279",22,"Femenino","Industrial",7,90,256,95,12,2,6,7,0,34927,"Media","Hibrida","Cultural","NO","Publico",9,"Limitado","NO","NO","Alto_desempeno_integral"
"280","E0280",18,"Femenino","Civil",7,59,258,69,4,12,1,8,22,15482,"Media","Presencial","Ninguna","NO","Publico",44,"Regular","NO","NO","Riesgo_academico"
"281","E0281",21,"Masculino","Sistemas",7,73,239,78,9,13,6,6,6,10215,"Media","Hibrida","Voluntariado","NO","Bicicleta",33,"Bueno","NO","SI","Academico_moderado"
"282","E0282",21,"Femenino","Industrial",4,75,147,81,9,8,5,8,10,13423,"Media","Presencial","Cultural","SI","Caminando",34,"Regular","NO","NO","Academico_moderado"
"283","E0283",18,"Femenino","Civil",6,75,257,70,6,25,0,7,12,23116,"Media","Presencial","Voluntariado","NO","Publico",38,"Limitado","NO","NO","Jugador_digital"
"284","E0284",18,"Masculino","Industrial",6,87,221,88,10,7,8,7,0,25142,"Baja","Presencial","Ninguna","NO","Publico",49,"Limitado","NO","SI","Academico_moderado"
"285","E0285",18,"Masculino","Mecatronica",7,64,255,71,6,3,0,5,6,7948,"Baja","Presencial","Ninguna","NO","Caminando",47,"Regular","NO","NO","Riesgo_academico"
"286","E0286",19,"Masculino","Civil",9,100,318,93,8,0,6,7,10,12233,"Media","Presencial","Ninguna","SI","Auto",39,"Bueno","NO","NO","Alto_desempeno_integral"
"287","E0287",19,"Masculino","Administracion",5,79,171,76,9,8,0,8,1,12277,"Media","Virtual","Deporte","NO","Publico",39,"Regular","NO","SI","Academico_moderado"
"288","E0288",20,"Masculino","Civil",5,76,209,82,13,14,9,6,14,10326,"Alta","Presencial","Voluntariado","NO","Caminando",40,"Bueno","SI","SI","Academico_moderado"
"289","E0289",22,"Femenino","Sistemas",5,78,193,88,10,15,0,6,4,8606,"Media","Virtual","Ninguna","SI","Auto",5,"Bueno","SI","NO","Jugador_digital"
"290","E0290",21,"Masculino","Administracion",6,91,240,93,23,5,5,8,0,30132,"Baja","Presencial","Arte","NO","Publico",49,"Bueno","NO","NO","Alto_desempeno_integral"
"291","E0291",19,"Masculino","Sistemas",4,92,120,91,16,4,5,7,1,25106,"Baja","Hibrida","Deporte","NO","Caminando",29,"Bueno","NO","NO","Alto_desempeno_integral"
"292","E0292",18,"Masculino","Sistemas",4,69,143,78,1,20,1,6,2,14141,"Baja","Presencial","Ninguna","NO","Bicicleta",18,"Bueno","NO","SI","Jugador_digital"
"293","E0293",22,"Masculino","Electronica",6,64,217,75,4,15,0,4,14,6482,"Baja","Hibrida","Ninguna","NO","Caminando",37,"Bueno","SI","NO","Riesgo_academico"
"294","E0294",24,"Masculino","Mecatronica",3,77,118,80,1,6,0,6,34,15435,"Baja","Presencial","Ninguna","NO","Auto",29,"Bueno","NO","SI","Trabaja_y_estudia"
"295","E0295",24,"Masculino","Administracion",4,81,158,94,10,1,3,7,7,9771,"Media","Presencial","Arte","NO","Publico",22,"Bueno","SI","NO","Academico_moderado"
"296","E0296",25,"Femenino","Mecatronica",5,66,199,75,2,9,3,7,20,14360,"Media","Presencial","Deporte","NO","Publico",69,"Bueno","SI","SI","Riesgo_academico"
"297","E0297",19,"Femenino","Industrial",5,80,189,89,10,3,1,6,23,12893,"Media","Hibrida","Voluntariado","NO","Publico",51,"Bueno","NO","NO","Academico_moderado"
"298","E0298",20,"Femenino","Sistemas",4,65,186,83,5,25,1,7,6,18537,"Alta","Presencial","Ninguna","NO","Publico",57,"Bueno","SI","NO","Jugador_digital"
"299","E0299",19,"Masculino","Administracion",5,79,155,64,5,9,4,4,28,18918,"Baja","Presencial","Ninguna","NO","Auto",17,"Bueno","SI","SI","Trabaja_y_estudia"
"300","E0300",21,"Masculino","Industrial",7,96,261,91,13,10,4,7,4,27660,"Alta","Hibrida","Deporte","SI","Publico",37,"Bueno","NO","NO","Alto_desempeno_integral"
"301","E0301",22,"Femenino","Administracion",1,76,23,91,8,24,3,7,0,18809,"Media","Virtual","Arte","SI","Bicicleta",42,"Bueno","NO","SI","Jugador_digital"
"302","E0302",20,"Femenino","Industrial",5,80,156,76,14,8,1,6,32,11345,"Baja","Hibrida","Ninguna","NO","Bicicleta",47,"Bueno","NO","SI","Trabaja_y_estudia"
"303","E0303",21,"Masculino","Sistemas",8,66,326,73,6,18,3,6,8,12664,"Media","Virtual","Ninguna","NO","Auto",25,"Bueno","NO","SI","Riesgo_academico"
"304","E0304",21,"Masculino","Sistemas",9,71,307,74,6,9,2,5,24,3000,"Media","Presencial","Arte","NO","Publico",52,"Regular","SI","NO","Trabaja_y_estudia"
"305","E0305",22,"Femenino","Sistemas",8,91,298,95,11,5,10,8,3,32282,"Baja","Presencial","Arte","SI","Auto",24,"Bueno","SI","NO","Alto_desempeno_integral"
"306","E0306",18,"Femenino","Sistemas",5,56,160,67,0,19,1,6,18,3103,"Baja","Hibrida","Voluntariado","NO","Bicicleta",20,"Limitado","NO","NO","Riesgo_academico"
"307","E0307",21,"Masculino","Electronica",3,74,156,81,9,4,1,6,18,13134,"Baja","Presencial","Deporte","SI","Publico",56,"Bueno","NO","SI","Trabaja_y_estudia"
"308","E0308",24,"Masculino","Administracion",6,78,218,96,8,8,3,7,28,14630,"Media","Presencial","Deporte","SI","Publico",42,"Regular","SI","SI","Trabaja_y_estudia"
"309","E0309",20,"Femenino","Industrial",7,84,270,69,7,4,1,6,24,21140,"Baja","Hibrida","Arte","NO","Publico",35,"Bueno","NO","NO","Trabaja_y_estudia"
"310","E0310",20,"Masculino","Administracion",8,81,285,78,12,11,4,7,19,22180,"Media","Presencial","Deporte","NO","Publico",35,"Bueno","NO","SI","Academico_moderado"
"311","E0311",19,"Masculino","Industrial",6,69,199,87,6,7,5,7,44,13238,"Media","Presencial","Arte","NO","Bicicleta",50,"Limitado","NO","NO","Trabaja_y_estudia"
"312","E0312",20,"Masculino","Industrial",4,73,140,80,6,35,4,6,14,8754,"Alta","Hibrida","Arte","NO","Auto",6,"Bueno","SI","NO","Jugador_digital"
"313","E0313",24,"Masculino","Sistemas",5,97,187,86,14,0,4,7,7,18212,"Alta","Presencial","Cultural","SI","Publico",12,"Regular","NO","NO","Alto_desempeno_integral"
"314","E0314",20,"Femenino","Administracion",6,60,191,84,7,25,0,6,5,32998,"Media","Presencial","Deporte","NO","Publico",35,"Regular","SI","NO","Jugador_digital"
"315","E0315",24,"Femenino","Civil",8,90,318,88,17,3,10,6,4,16320,"Media","Hibrida","Arte","NO","Auto",42,"Bueno","SI","NO","Alto_desempeno_integral"
"316","E0316",23,"Masculino","Mecatronica",5,94,182,89,21,8,9,6,22,24762,"Media","Hibrida","Ninguna","NO","Auto",27,"Bueno","SI","NO","Alto_desempeno_integral"
"317","E0317",18,"Femenino","Sistemas",1,74,43,83,6,16,1,6,3,16844,"Media","Presencial","Ninguna","NO","Auto",55,"Regular","SI","SI","Jugador_digital"
"318","E0318",23,"Femenino","Administracion",6,84,208,98,15,4,4,6,9,19524,"Alta","Presencial","Deporte","NO","Auto",35,"Bueno","NO","SI","Alto_desempeno_integral"
"319","E0319",24,"Masculino","Sistemas",6,75,221,93,7,2,2,8,3,24849,"Media","Presencial","Ninguna","NO","Bicicleta",27,"Bueno","NO","NO","Academico_moderado"
"320","E0320",21,"Masculino","Sistemas",4,69,154,87,8,20,4,5,0,15901,"Baja","Virtual","Arte","NO","Caminando",43,"Bueno","SI","SI","Jugador_digital"
"321","E0321",18,"Masculino","Industrial",4,70,153,68,5,2,0,6,24,20430,"Media","Presencial","Ninguna","NO","Publico",5,"Limitado","SI","NO","Trabaja_y_estudia"
"322","E0322",18,"Masculino","Administracion",5,76,175,80,14,7,8,7,6,15639,"Media","Presencial","Ninguna","NO","Publico",24,"Regular","NO","NO","Academico_moderado"
"323","E0323",23,"Femenino","Mecatronica",3,95,126,89,18,2,8,7,6,29909,"Baja","Virtual","Voluntariado","SI","Publico",5,"Bueno","SI","NO","Alto_desempeno_integral"
"324","E0324",18,"Femenino","Administracion",5,91,191,100,14,8,8,8,8,18852,"Media","Presencial","Ninguna","NO","Caminando",40,"Bueno","SI","NO","Alto_desempeno_integral"
"325","E0325",26,"Masculino","Civil",5,69,184,72,5,9,5,6,36,24512,"Media","Presencial","Ninguna","NO","Caminando",13,"Bueno","SI","NO","Trabaja_y_estudia"
"326","E0326",22,"Femenino","Administracion",6,83,217,85,9,8,5,6,2,19114,"Media","Presencial","Voluntariado","NO","Auto",50,"Bueno","NO","SI","Academico_moderado"
"327","E0327",19,"Masculino","Sistemas",4,76,153,69,8,9,3,7,39,16736,"Media","Hibrida","Ninguna","NO","Publico",32,"Bueno","SI","NO","Trabaja_y_estudia"
"328","E0328",18,"Masculino","Electronica",8,66,319,90,6,17,2,6,0,11486,"Baja","Presencial","Ninguna","NO","Auto",52,"Bueno","NO","SI","Jugador_digital"
"329","E0329",20,"No especifica","Electronica",1,81,5,70,8,7,4,7,34,19349,"Media","Virtual","Ninguna","NO","Bicicleta",53,"Bueno","NO","NO","Trabaja_y_estudia"
"330","E0330",21,"Masculino","Mecatronica",1,72,48,83,9,8,6,7,7,12094,"Alta","Presencial","Deporte","SI","Publico",55,"Bueno","NO","NO","Academico_moderado"
"331","E0331",20,"Masculino","Civil",7,83,245,82,9,2,4,5,38,28023,"Baja","Presencial","Arte","NO","Auto",25,"Bueno","SI","NO","Trabaja_y_estudia"
"332","E0332",21,"Femenino","Sistemas",4,55,157,68,8,20,0,5,28,16489,"Alta","Presencial","Deporte","NO","Auto",57,"Regular","NO","SI","Riesgo_academico"
"333","E0333",25,"Femenino","Sistemas",4,77,149,77,10,7,2,8,8,12510,"Baja","Presencial","Ninguna","NO","Publico",29,"Bueno","SI","SI","Jugador_digital"
"334","E0334",20,"Femenino","Administracion",5,65,152,68,3,10,0,7,24,5672,"Media","Hibrida","Ninguna","NO","Publico",32,"Regular","SI","NO","Riesgo_academico"
"335","E0335",24,"Femenino","Industrial",7,76,268,89,10,4,7,6,13,16985,"Baja","Hibrida","Voluntariado","NO","Bicicleta",49,"Bueno","NO","NO","Academico_moderado"
"336","E0336",23,"Masculino","Civil",2,76,53,84,10,6,6,8,20,15545,"Media","Presencial","Ninguna","SI","Auto",40,"Regular","NO","NO","Trabaja_y_estudia"
"337","E0337",24,"Masculino","Administracion",6,92,209,89,18,0,4,6,7,28499,"Media","Presencial","Deporte","SI","Publico",28,"Bueno","NO","NO","Alto_desempeno_integral"
"338","E0338",22,"Masculino","Sistemas",4,70,128,64,4,21,1,6,8,10426,"Baja","Presencial","Ninguna","NO","Auto",24,"Regular","SI","SI","Riesgo_academico"
"339","E0339",23,"Femenino","Sistemas",3,87,86,92,11,4,7,4,13,24790,"Baja","Presencial","Ninguna","NO","Auto",33,"Regular","SI","NO","Academico_moderado"
"340","E0340",21,"Femenino","Administracion",9,88,338,93,11,7,12,7,0,27640,"Alta","Hibrida","Voluntariado","NO","Publico",41,"Bueno","NO","NO","Alto_desempeno_integral"
"341","E0341",21,"Femenino","Sistemas",4,84,185,95,15,4,7,7,6,18099,"Alta","Presencial","Deporte","NO","Publico",53,"Regular","NO","SI","Alto_desempeno_integral"
"342","E0342",21,"Masculino","Electronica",8,74,276,70,10,26,0,7,1,19963,"Baja","Hibrida","Ninguna","NO","Auto",56,"Regular","NO","NO","Jugador_digital"
"343","E0343",18,"Masculino","Sistemas",6,80,247,75,4,9,6,6,6,15437,"Alta","Presencial","Ninguna","NO","Auto",42,"Bueno","SI","NO","Trabaja_y_estudia"
"344","E0344",21,"Masculino","Administracion",9,54,335,63,2,8,2,4,19,8678,"Media","Virtual","Voluntariado","SI","Caminando",24,"Regular","SI","NO","Riesgo_academico"
"345","E0345",21,"Femenino","Administracion",7,72,243,74,2,23,3,6,0,12843,"Baja","Virtual","Ninguna","SI","Publico",5,"Bueno","SI","SI","Jugador_digital"
"346","E0346",18,"Femenino","Administracion",7,79,246,84,7,10,0,7,0,17913,"Baja","Presencial","Ninguna","NO","Publico",80,"Regular","SI","SI","Academico_moderado"
"347","E0347",23,"Femenino","Administracion",6,75,226,83,10,6,7,7,17,21019,"Baja","Presencial","Voluntariado","NO","Publico",42,"Bueno","NO","NO","Academico_moderado"
"348","E0348",22,"No especifica","Electronica",1,80,9,97,18,10,7,6,8,36542,"Baja","Presencial","Deporte","SI","Auto",17,"Bueno","NO","SI","Alto_desempeno_integral"
"349","E0349",22,"Femenino","Sistemas",4,67,141,58,3,10,3,7,12,5996,"Media","Virtual","Ninguna","NO","Publico",13,"Bueno","SI","NO","Riesgo_academico"
"350","E0350",25,"Masculino","Industrial",3,80,138,80,7,8,0,6,18,15019,"Media","Presencial","Arte","NO","Caminando",48,"Limitado","NO","NO","Academico_moderado"
"351","E0351",22,"Femenino","Sistemas",4,89,143,98,17,4,9,8,5,27036,"Media","Virtual","Ninguna","SI","Publico",26,"Bueno","NO","SI","Alto_desempeno_integral"
"352","E0352",21,"Masculino","Administracion",5,86,199,90,13,5,2,6,10,18721,"Media","Hibrida","Ninguna","NO","Publico",26,"Bueno","SI","SI","Alto_desempeno_integral"
"353","E0353",22,"Femenino","Sistemas",8,78,312,82,14,7,0,7,8,18618,"Media","Presencial","Voluntariado","NO","Publico",34,"Regular","SI","SI","Academico_moderado"
"354","E0354",23,"Femenino","Administracion",4,84,153,88,9,15,2,7,17,24570,"Media","Presencial","Arte","NO","Auto",17,"Regular","SI","SI","Academico_moderado"
"355","E0355",22,"Masculino","Civil",4,72,169,76,4,20,1,6,0,15377,"Alta","Hibrida","Ninguna","NO","Caminando",39,"Regular","SI","NO","Jugador_digital"
"356","E0356",20,"Femenino","Sistemas",6,63,219,81,5,16,0,7,3,26106,"Media","Presencial","Ninguna","NO","Auto",12,"Regular","NO","NO","Jugador_digital"
"357","E0357",26,"Masculino","Mecatronica",3,75,101,87,13,4,4,6,16,26026,"Media","Presencial","Deporte","SI","Caminando",8,"Regular","NO","NO","Academico_moderado"
"358","E0358",23,"Femenino","Sistemas",4,78,142,77,15,7,3,8,29,16370,"Baja","Presencial","Voluntariado","NO","Caminando",23,"Limitado","SI","SI","Trabaja_y_estudia"
"359","E0359",24,"Femenino","Sistemas",2,78,57,82,14,8,6,6,1,19942,"Baja","Hibrida","Ninguna","NO","Publico",34,"Limitado","NO","NO","Academico_moderado"
"360","E0360",18,"Masculino","Industrial",1,79,35,84,9,2,3,7,22,14097,"Baja","Presencial","Ninguna","NO","Auto",35,"Bueno","SI","SI","Trabaja_y_estudia"
"361","E0361",22,"Femenino","Civil",2,74,31,89,5,3,5,6,17,18359,"Media","Presencial","Deporte","NO","Publico",34,"Bueno","SI","NO","Academico_moderado"
"362","E0362",18,"Masculino","Sistemas",9,86,345,88,10,11,8,6,4,15807,"Alta","Presencial","Voluntariado","SI","Publico",29,"Bueno","SI","NO","Academico_moderado"
"363","E0363",20,"Masculino","Civil",5,85,179,86,16,3,2,8,0,24681,"Alta","Presencial","Ninguna","NO","Publico",41,"Bueno","NO","NO","Alto_desempeno_integral"
"364","E0364",20,"Femenino","Sistemas",10,74,348,76,15,7,3,7,13,24628,"Media","Presencial","Voluntariado","NO","Caminando",29,"Bueno","NO","NO","Academico_moderado"
"365","E0365",24,"Masculino","Administracion",6,73,232,90,7,10,7,5,7,22738,"Media","Hibrida","Ninguna","NO","Caminando",62,"Regular","SI","SI","Academico_moderado"
"366","E0366",19,"Femenino","Sistemas",4,78,145,79,12,10,2,6,8,26119,"Alta","Presencial","Deporte","SI","Publico",33,"Regular","NO","NO","Academico_moderado"
"367","E0367",19,"Femenino","Sistemas",9,96,335,98,18,4,8,8,8,19694,"Media","Presencial","Ninguna","SI","Caminando",63,"Bueno","NO","NO","Alto_desempeno_integral"
"368","E0368",23,"Masculino","Electronica",5,81,193,88,4,14,3,6,20,11991,"Alta","Presencial","Ninguna","NO","Publico",44,"Bueno","NO","SI","Academico_moderado"
"369","E0369",22,"Masculino","Industrial",3,74,97,86,16,5,1,7,2,26949,"Media","Presencial","Deporte","NO","Caminando",33,"Bueno","NO","NO","Academico_moderado"
"370","E0370",22,"Femenino","Administracion",8,67,322,77,6,7,1,7,22,8463,"Media","Presencial","Ninguna","NO","Bicicleta",23,"Regular","NO","NO","Riesgo_academico"
"371","E0371",24,"Femenino","Civil",4,75,159,74,10,7,0,7,30,18535,"Alta","Hibrida","Ninguna","NO","Caminando",49,"Regular","NO","SI","Trabaja_y_estudia"
"372","E0372",19,"Masculino","Sistemas",2,79,89,88,9,15,2,6,14,3000,"Baja","Hibrida","Ninguna","NO","Publico",21,"Regular","SI","SI","Jugador_digital"
"373","E0373",18,"Masculino","Sistemas",6,80,208,92,15,6,12,6,0,23389,"Alta","Presencial","Ninguna","NO","Publico",56,"Bueno","NO","SI","Alto_desempeno_integral"
"374","E0374",21,"Femenino","Civil",5,79,198,69,9,23,2,6,0,3000,"Media","Hibrida","Ninguna","NO","Publico",14,"Bueno","SI","SI","Jugador_digital"
"375","E0375",21,"Masculino","Administracion",7,89,253,90,20,3,8,8,8,23245,"Media","Hibrida","Deporte","SI","Publico",21,"Bueno","NO","NO","Alto_desempeno_integral"
"376","E0376",19,"Femenino","Civil",4,66,165,44,8,15,2,7,32,12529,"Media","Presencial","Ninguna","NO","Auto",25,"Regular","SI","NO","Riesgo_academico"
"377","E0377",19,"Masculino","Civil",6,72,207,76,8,9,0,6,8,26738,"Media","Virtual","Cultural","NO","Auto",54,"Bueno","NO","SI","Academico_moderado"
"378","E0378",21,"Masculino","Industrial",10,84,380,86,6,6,6,7,12,12452,"Media","Hibrida","Ninguna","NO","Auto",5,"Bueno","SI","NO","Trabaja_y_estudia"
"379","E0379",19,"Femenino","Industrial",5,82,207,90,9,10,6,6,4,15507,"Media","Presencial","Voluntariado","SI","Caminando",59,"Bueno","SI","NO","Academico_moderado"
"380","E0380",22,"Femenino","Mecatronica",3,75,135,86,11,14,6,7,5,24774,"Media","Presencial","Deporte","SI","Auto",51,"Bueno","NO","SI","Academico_moderado"
"381","E0381",24,"Masculino","Civil",7,68,262,88,8,2,1,7,5,12120,"Media","Presencial","Voluntariado","NO","Publico",38,"Bueno","SI","SI","Academico_moderado"
"382","E0382",24,"Femenino","Sistemas",7,59,261,56,5,20,1,5,13,8590,"Media","Presencial","Ninguna","NO","Publico",34,"Regular","SI","SI","Riesgo_academico"
"383","E0383",24,"Masculino","Civil",5,73,182,80,5,2,6,5,19,12450,"Media","Presencial","Arte","NO","Publico",51,"Bueno","NO","SI","Trabaja_y_estudia"
"384","E0384",26,"Femenino","Industrial",5,75,204,90,0,7,3,6,29,15335,"Media","Presencial","Ninguna","SI","Bicicleta",31,"Bueno","NO","SI","Trabaja_y_estudia"
"385","E0385",18,"Femenino","Industrial",4,71,137,79,10,16,3,6,4,26095,"Media","Presencial","Ninguna","NO","Publico",39,"Bueno","NO","NO","Jugador_digital"
"386","E0386",23,"Femenino","Mecatronica",6,74,244,89,14,9,2,8,8,24338,"Media","Virtual","Cultural","NO","Bicicleta",39,"Bueno","NO","NO","Academico_moderado"
"387","E0387",24,"Femenino","Administracion",7,73,272,84,6,12,1,8,1,12762,"Media","Presencial","Ninguna","NO","Caminando",56,"Bueno","NO","SI","Academico_moderado"
"388","E0388",23,"Femenino","Civil",5,77,205,74,10,8,6,5,33,3000,"Media","Virtual","Ninguna","SI","Caminando",19,"Bueno","SI","NO","Trabaja_y_estudia"
"389","E0389",23,"Masculino","Sistemas",8,75,299,75,3,21,2,5,27,7857,"Media","Presencial","Ninguna","NO","Publico",9,"Regular","SI","NO","Riesgo_academico"
"390","E0390",22,"Femenino","Civil",4,73,142,81,12,5,2,5,37,3143,"Baja","Virtual","Ninguna","NO","Publico",12,"Bueno","NO","SI","Trabaja_y_estudia"
"391","E0391",22,"Masculino","Industrial",6,90,235,83,6,5,5,5,26,17618,"Baja","Virtual","Ninguna","NO","Publico",57,"Regular","SI","NO","Trabaja_y_estudia"
"392","E0392",24,"Masculino","Industrial",5,63,173,88,4,16,1,4,1,17505,"Baja","Hibrida","Ninguna","NO","Publico",37,"Bueno","SI","SI","Jugador_digital"
"393","E0393",24,"Femenino","Sistemas",4,91,128,95,8,7,8,7,7,34689,"Baja","Hibrida","Voluntariado","SI","Publico",25,"Bueno","NO","NO","Alto_desempeno_integral"
"394","E0394",18,"Masculino","Industrial",3,79,98,78,4,19,0,6,11,23388,"Media","Presencial","Ninguna","NO","Caminando",26,"Bueno","SI","SI","Jugador_digital"
"395","E0395",22,"Masculino","Sistemas",5,69,203,88,8,20,2,6,11,24573,"Media","Hibrida","Ninguna","NO","Bicicleta",7,"Regular","NO","NO","Jugador_digital"
"396","E0396",23,"Masculino","Electronica",4,84,124,97,22,2,4,8,2,9716,"Alta","Presencial","Ninguna","NO","Publico",22,"Regular","NO","SI","Alto_desempeno_integral"
"397","E0397",20,"Femenino","Civil",4,65,161,78,7,15,2,7,7,20276,"Alta","Presencial","Ninguna","SI","Publico",48,"Bueno","SI","NO","Jugador_digital"
"398","E0398",21,"Femenino","Sistemas",7,82,245,91,12,6,7,6,9,15820,"Media","Presencial","Ninguna","SI","Publico",47,"Regular","NO","NO","Academico_moderado"
"399","E0399",22,"Masculino","Sistemas",4,68,178,64,6,10,0,4,12,12901,"Media","Hibrida","Ninguna","NO","Auto",12,"Limitado","NO","SI","Riesgo_academico"
"400","E0400",22,"Masculino","Sistemas",5,55,202,72,3,11,3,6,12,11532,"Media","Presencial","Voluntariado","NO","Auto",24,"Regular","SI","SI","Riesgo_academico"
"401","E0401",22,"Masculino","Sistemas",5,67,196,74,5,16,1,6,7,16280,"Media","Presencial","Ninguna","SI","Publico",5,"Limitado","SI","SI","Riesgo_academico"
"402","E0402",20,"No especifica","Sistemas",5,78,174,82,8,25,4,6,2,29536,"Media","Hibrida","Ninguna","NO","Publico",41,"Bueno","NO","SI","Jugador_digital"
"403","E0403",19,"Masculino","Administracion",4,83,126,88,9,6,3,7,28,21308,"Media","Presencial","Ninguna","NO","Publico",31,"Regular","NO","SI","Trabaja_y_estudia"
"404","E0404",21,"Masculino","Civil",1,59,40,68,4,15,0,6,13,3000,"Baja","Hibrida","Ninguna","NO","Auto",46,"Bueno","SI","NO","Riesgo_academico"
"405","E0405",20,"Femenino","Mecatronica",3,72,121,74,10,29,0,5,0,16188,"Media","Presencial","Ninguna","NO","Publico",41,"Bueno","NO","NO","Jugador_digital"
"406","E0406",20,"Masculino","Mecatronica",6,88,204,91,19,7,11,8,0,26340,"Media","Presencial","Voluntariado","NO","Publico",7,"Bueno","SI","NO","Alto_desempeno_integral"
"407","E0407",22,"Masculino","Civil",3,68,105,96,7,6,5,7,3,12491,"Media","Hibrida","Deporte","NO","Bicicleta",37,"Regular","NO","SI","Academico_moderado"
"408","E0408",18,"Masculino","Sistemas",7,78,271,89,12,10,2,5,6,18805,"Media","Hibrida","Deporte","NO","Auto",61,"Bueno","NO","NO","Academico_moderado"
"409","E0409",21,"Masculino","Mecatronica",6,81,235,82,19,9,7,7,0,11854,"Baja","Hibrida","Deporte","SI","Publico",58,"Bueno","NO","SI","Academico_moderado"
"410","E0410",19,"Femenino","Sistemas",3,81,79,66,8,7,2,8,21,23441,"Media","Hibrida","Ninguna","NO","Publico",20,"Regular","NO","NO","Trabaja_y_estudia"
"411","E0411",21,"Masculino","Sistemas",5,73,192,83,7,0,3,7,35,3725,"Baja","Hibrida","Arte","NO","Caminando",40,"Bueno","NO","SI","Trabaja_y_estudia"
"412","E0412",22,"Femenino","Sistemas",4,79,161,82,11,25,0,6,0,12159,"Baja","Presencial","Ninguna","NO","Auto",21,"Bueno","SI","SI","Jugador_digital"
"413","E0413",23,"Masculino","Industrial",5,94,155,88,16,7,8,6,3,30885,"Media","Hibrida","Deporte","SI","Auto",45,"Regular","SI","SI","Alto_desempeno_integral"
"414","E0414",22,"Masculino","Sistemas",5,81,190,73,8,5,7,7,49,13402,"Media","Hibrida","Ninguna","SI","Auto",39,"Limitado","NO","NO","Trabaja_y_estudia"
"415","E0415",23,"Femenino","Mecatronica",6,78,225,75,8,18,2,7,10,20533,"Media","Presencial","Ninguna","NO","Publico",9,"Bueno","SI","NO","Jugador_digital"
"416","E0416",18,"Masculino","Administracion",5,78,153,90,8,11,4,7,0,3942,"Alta","Presencial","Ninguna","NO","Auto",14,"Regular","NO","NO","Jugador_digital"
"417","E0417",18,"Masculino","Industrial",6,92,246,99,19,6,10,8,0,35019,"Alta","Hibrida","Cultural","SI","Publico",24,"Bueno","NO","NO","Alto_desempeno_integral"
"418","E0418",18,"Femenino","Administracion",6,65,254,64,3,8,4,5,22,15212,"Media","Presencial","Ninguna","SI","Auto",13,"Bueno","NO","NO","Riesgo_academico"
"419","E0419",20,"Femenino","Mecatronica",4,62,148,73,2,6,2,8,13,5744,"Baja","Presencial","Ninguna","NO","Caminando",19,"Regular","NO","SI","Riesgo_academico"
"420","E0420",20,"Masculino","Sistemas",6,100,218,100,21,6,5,7,11,17630,"Alta","Presencial","Ninguna","SI","Caminando",42,"Bueno","NO","NO","Alto_desempeno_integral"
"421","E0421",26,"Femenino","Electronica",3,82,106,82,9,8,4,7,14,18388,"Alta","Hibrida","Ninguna","SI","Publico",29,"Bueno","SI","NO","Academico_moderado"
"422","E0422",21,"Masculino","Sistemas",5,87,178,80,9,18,5,8,23,17995,"Baja","Presencial","Voluntariado","NO","Auto",51,"Regular","SI","NO","Academico_moderado"
"423","E0423",21,"Masculino","Industrial",3,89,119,68,12,6,2,6,26,11584,"Media","Virtual","Ninguna","NO","Caminando",57,"Bueno","SI","SI","Trabaja_y_estudia"
"424","E0424",21,"Femenino","Sistemas",4,65,152,59,4,12,2,8,0,5583,"Media","Presencial","Ninguna","NO","Publico",76,"Bueno","NO","SI","Riesgo_academico"
"425","E0425",25,"Femenino","Administracion",3,90,118,96,15,3,6,7,2,20526,"Media","Presencial","Arte","NO","Bicicleta",41,"Limitado","SI","NO","Alto_desempeno_integral"
"426","E0426",22,"Femenino","Industrial",4,81,122,81,14,11,0,7,7,13567,"Media","Hibrida","Ninguna","NO","Auto",47,"Bueno","NO","SI","Academico_moderado"
"427","E0427",18,"Femenino","Industrial",6,89,234,100,14,7,6,7,0,22401,"Media","Presencial","Deporte","SI","Publico",46,"Bueno","SI","NO","Alto_desempeno_integral"
"428","E0428",22,"Femenino","Administracion",6,78,226,78,11,7,2,5,0,22971,"Baja","Presencial","Ninguna","NO","Publico",41,"Bueno","SI","NO","Academico_moderado"
"429","E0429",21,"Masculino","Industrial",5,74,182,83,7,8,4,7,12,17035,"Media","Hibrida","Cultural","NO","Caminando",41,"Regular","NO","SI","Academico_moderado"
"430","E0430",18,"Masculino","Administracion",4,76,134,84,9,5,0,6,20,9701,"Alta","Presencial","Ninguna","NO","Caminando",38,"Bueno","NO","NO","Academico_moderado"
"431","E0431",22,"Masculino","Administracion",2,80,74,78,9,6,2,6,26,18477,"Media","Presencial","Ninguna","NO","Publico",27,"Regular","NO","NO","Trabaja_y_estudia"
"432","E0432",21,"Masculino","Industrial",9,70,325,85,8,26,3,8,0,23345,"Media","Presencial","Ninguna","NO","Auto",35,"Bueno","NO","NO","Jugador_digital"
"433","E0433",23,"Masculino","Sistemas",6,89,205,94,21,5,3,7,1,20536,"Media","Virtual","Arte","NO","Publico",38,"Regular","NO","SI","Alto_desempeno_integral"
"434","E0434",21,"Masculino","Sistemas",4,86,157,93,26,7,8,8,0,25964,"Media","Presencial","Ninguna","SI","Bicicleta",24,"Regular","NO","SI","Alto_desempeno_integral"
"435","E0435",26,"Masculino","Sistemas",3,64,133,82,8,19,4,7,0,13075,"Baja","Presencial","Ninguna","NO","Publico",48,"Bueno","SI","NO","Jugador_digital"
"436","E0436",24,"Femenino","Industrial",7,66,272,77,12,4,1,6,37,14059,"Baja","Virtual","Ninguna","NO","Auto",5,"Regular","NO","NO","Trabaja_y_estudia"
"437","E0437",22,"No especifica","Industrial",6,75,193,80,13,11,3,7,9,14503,"Media","Presencial","Ninguna","NO","Publico",34,"Bueno","NO","SI","Academico_moderado"
"438","E0438",20,"Masculino","Industrial",7,68,263,73,11,5,4,8,25,3000,"Baja","Hibrida","Ninguna","NO","Auto",48,"Regular","SI","SI","Trabaja_y_estudia"
"439","E0439",22,"Femenino","Administracion",6,61,198,74,1,29,1,6,14,24631,"Media","Hibrida","Ninguna","NO","Publico",82,"Bueno","SI","NO","Jugador_digital"
"440","E0440",24,"Masculino","Industrial",3,79,116,83,8,6,6,7,10,6295,"Media","Presencial","Ninguna","NO","Auto",32,"Bueno","NO","NO","Academico_moderado"
"441","E0441",22,"Masculino","Sistemas",7,76,246,81,10,9,3,6,31,17278,"Baja","Hibrida","Ninguna","NO","Auto",65,"Bueno","NO","NO","Trabaja_y_estudia"
"442","E0442",23,"Masculino","Mecatronica",1,72,26,90,13,30,1,6,6,25057,"Baja","Hibrida","Ninguna","NO","Caminando",27,"Bueno","NO","NO","Jugador_digital"
"443","E0443",21,"Masculino","Industrial",8,69,290,68,4,12,2,4,28,10122,"Media","Presencial","Deporte","NO","Publico",33,"Regular","NO","NO","Riesgo_academico"
"444","E0444",22,"Femenino","Sistemas",3,67,89,74,8,14,3,6,9,22467,"Media","Presencial","Deporte","NO","Publico",48,"Bueno","SI","SI","Jugador_digital"
"445","E0445",21,"Femenino","Industrial",8,77,308,79,12,11,0,7,0,19818,"Media","Virtual","Deporte","NO","Caminando",37,"Bueno","NO","SI","Academico_moderado"
"446","E0446",23,"Masculino","Sistemas",5,91,163,98,16,2,11,8,3,11795,"Media","Virtual","Voluntariado","SI","Publico",60,"Bueno","NO","SI","Alto_desempeno_integral"
"447","E0447",23,"Masculino","Administracion",5,94,178,99,16,6,11,7,6,17008,"Media","Hibrida","Deporte","SI","Publico",41,"Bueno","NO","NO","Alto_desempeno_integral"
"448","E0448",20,"Masculino","Electronica",3,62,91,64,3,5,0,7,25,11490,"Media","Hibrida","Ninguna","NO","Caminando",27,"Regular","SI","NO","Riesgo_academico"
"449","E0449",22,"Masculino","Sistemas",3,68,145,62,4,24,3,6,14,11091,"Baja","Presencial","Ninguna","SI","Auto",41,"Regular","NO","NO","Riesgo_academico"
"450","E0450",18,"Femenino","Administracion",5,65,200,60,2,13,2,5,3,19406,"Baja","Hibrida","Ninguna","NO","Auto",19,"Regular","SI","SI","Riesgo_academico"
"451","E0451",24,"Masculino","Sistemas",4,93,165,89,16,2,8,8,0,46869,"Media","Presencial","Ninguna","SI","Publico",15,"Regular","NO","NO","Alto_desempeno_integral"
"452","E0452",18,"Masculino","Civil",6,72,232,84,4,11,1,7,8,18717,"Baja","Presencial","Ninguna","NO","Auto",39,"Bueno","SI","NO","Jugador_digital"
"453","E0453",20,"Masculino","Administracion",4,83,164,77,12,2,2,6,11,18973,"Media","Hibrida","Voluntariado","NO","Bicicleta",56,"Bueno","NO","NO","Trabaja_y_estudia"
"454","E0454",18,"Femenino","Administracion",3,86,97,67,4,0,0,6,28,15727,"Media","Hibrida","Ninguna","NO","Publico",35,"Bueno","NO","SI","Trabaja_y_estudia"
"455","E0455",22,"Masculino","Mecatronica",3,73,138,93,7,0,5,8,11,28543,"Baja","Presencial","Cultural","NO","Publico",44,"Regular","SI","NO","Academico_moderado"
"456","E0456",19,"Femenino","Electronica",4,78,158,93,15,4,4,8,12,13539,"Media","Presencial","Arte","NO","Auto",41,"Regular","SI","NO","Alto_desempeno_integral"
"457","E0457",21,"Femenino","Civil",3,77,107,88,12,23,1,6,4,11189,"Media","Hibrida","Ninguna","NO","Auto",71,"Bueno","NO","NO","Jugador_digital"
"458","E0458",21,"Masculino","Mecatronica",3,75,117,81,8,23,0,5,8,17495,"Media","Presencial","Ninguna","NO","Publico",45,"Regular","NO","NO","Jugador_digital"
"459","E0459",20,"Masculino","Sistemas",5,63,218,62,1,18,0,6,12,7383,"Baja","Presencial","Deporte","SI","Auto",45,"Bueno","SI","NO","Riesgo_academico"
"460","E0460",21,"Femenino","Sistemas",7,82,253,82,5,4,2,6,39,9105,"Baja","Presencial","Cultural","SI","Auto",76,"Regular","NO","NO","Trabaja_y_estudia"
"461","E0461",25,"Masculino","Administracion",7,85,255,76,10,7,2,7,23,24280,"Media","Presencial","Ninguna","NO","Auto",5,"Limitado","SI","NO","Academico_moderado"
"462","E0462",20,"Masculino","Sistemas",4,82,169,78,4,9,2,6,26,8530,"Media","Presencial","Ninguna","NO","Publico",66,"Bueno","SI","SI","Trabaja_y_estudia"
"463","E0463",24,"Masculino","Electronica",4,79,156,78,5,20,1,7,7,19548,"Baja","Presencial","Ninguna","SI","Auto",39,"Bueno","NO","NO","Jugador_digital"
"464","E0464",26,"Femenino","Sistemas",3,93,107,91,15,1,4,7,3,31606,"Media","Hibrida","Deporte","NO","Auto",10,"Bueno","NO","SI","Alto_desempeno_integral"
"465","E0465",22,"Masculino","Sistemas",6,84,201,79,7,17,0,7,10,4435,"Media","Virtual","Cultural","NO","Publico",44,"Bueno","NO","NO","Academico_moderado"
"466","E0466",20,"Femenino","Sistemas",6,79,221,94,7,10,5,5,14,24683,"Baja","Virtual","Ninguna","NO","Caminando",51,"Limitado","SI","SI","Academico_moderado"
"467","E0467",20,"Masculino","Administracion",3,75,131,80,9,5,6,7,3,28653,"Alta","Presencial","Voluntariado","SI","Publico",47,"Bueno","SI","SI","Academico_moderado"
"468","E0468",23,"Femenino","Mecatronica",2,90,74,83,8,17,3,6,0,20776,"Baja","Presencial","Ninguna","NO","Publico",19,"Bueno","NO","NO","Academico_moderado"
"469","E0469",20,"Femenino","Industrial",7,92,275,96,22,2,7,6,15,29427,"Alta","Virtual","Arte","SI","Auto",62,"Bueno","SI","SI","Alto_desempeno_integral"
"470","E0470",21,"Femenino","Sistemas",4,67,122,88,16,10,4,7,12,12275,"Media","Hibrida","Arte","NO","Publico",33,"Regular","SI","NO","Academico_moderado"
"471","E0471",18,"Masculino","Industrial",5,72,212,92,14,8,9,6,16,19150,"Alta","Presencial","Ninguna","NO","Auto",51,"Bueno","NO","NO","Academico_moderado"
"472","E0472",23,"Femenino","Sistemas",4,73,187,91,9,1,7,7,16,24651,"Alta","Virtual","Cultural","SI","Publico",58,"Regular","NO","NO","Academico_moderado"
"473","E0473",24,"Femenino","Mecatronica",5,66,169,80,9,4,4,6,34,18544,"Alta","Presencial","Ninguna","NO","Publico",43,"Regular","NO","SI","Trabaja_y_estudia"
"474","E0474",21,"Femenino","Sistemas",4,86,144,98,15,0,6,8,9,27752,"Media","Virtual","Voluntariado","SI","Publico",59,"Regular","NO","NO","Alto_desempeno_integral"
"475","E0475",21,"Masculino","Civil",4,71,132,75,11,15,3,6,17,14607,"Baja","Presencial","Deporte","NO","Auto",40,"Bueno","NO","NO","Jugador_digital"
"476","E0476",18,"Femenino","Mecatronica",5,68,184,69,4,10,1,8,18,9247,"Baja","Hibrida","Ninguna","NO","Bicicleta",47,"Regular","SI","SI","Riesgo_academico"
"477","E0477",20,"Femenino","Industrial",3,73,149,80,8,32,4,4,13,5943,"Media","Presencial","Ninguna","NO","Auto",34,"Bueno","SI","SI","Jugador_digital"
"478","E0478",21,"Femenino","Electronica",2,62,73,68,4,11,0,6,22,3000,"Baja","Hibrida","Ninguna","NO","Auto",28,"Bueno","NO","SI","Riesgo_academico"
"479","E0479",23,"Masculino","Administracion",7,65,287,64,5,18,1,5,28,19143,"Baja","Presencial","Ninguna","NO","Publico",41,"Regular","SI","SI","Riesgo_academico"
"480","E0480",18,"Femenino","Industrial",6,78,201,93,12,7,10,8,6,14855,"Baja","Hibrida","Ninguna","NO","Auto",5,"Regular","NO","NO","Alto_desempeno_integral"
"481","E0481",21,"Femenino","Industrial",5,91,179,92,20,8,9,7,4,20581,"Media","Presencial","Deporte","NO","Publico",12,"Bueno","NO","NO","Alto_desempeno_integral"
"482","E0482",21,"Masculino","Mecatronica",6,71,216,80,2,20,2,7,6,11670,"Baja","Hibrida","Ninguna","NO","Caminando",19,"Regular","SI","SI","Jugador_digital"
"483","E0483",21,"Masculino","Civil",7,84,303,90,4,7,2,6,3,29935,"Media","Presencial","Voluntariado","NO","Caminando",50,"Bueno","NO","SI","Academico_moderado"
"484","E0484",22,"Masculino","Mecatronica",7,88,274,97,18,3,3,7,7,3764,"Alta","Virtual","Ninguna","NO","Auto",16,"Regular","NO","NO","Alto_desempeno_integral"
"485","E0485",22,"Femenino","Sistemas",7,92,295,87,23,0,8,8,10,23937,"Baja","Virtual","Arte","NO","Caminando",77,"Bueno","NO","NO","Alto_desempeno_integral"
"486","E0486",23,"Femenino","Industrial",6,95,224,95,14,2,5,7,0,19227,"Alta","Presencial","Deporte","SI","Auto",39,"Bueno","NO","SI","Alto_desempeno_integral"
"487","E0487",22,"Femenino","Industrial",6,84,231,78,10,2,2,4,22,14595,"Media","Presencial","Arte","NO","Publico",20,"Limitado","NO","NO","Trabaja_y_estudia"
"488","E0488",21,"Masculino","Civil",4,79,175,91,12,2,4,7,0,23060,"Media","Virtual","Cultural","NO","Publico",12,"Bueno","SI","SI","Academico_moderado"
"489","E0489",22,"No especifica","Electronica",3,67,100,71,8,11,3,7,38,17076,"Media","Presencial","Arte","NO","Caminando",53,"Regular","SI","SI","Trabaja_y_estudia"
"490","E0490",19,"Masculino","Industrial",6,76,185,70,9,2,5,7,16,13774,"Media","Presencial","Ninguna","NO","Publico",30,"Bueno","NO","SI","Trabaja_y_estudia"
"491","E0491",21,"Femenino","Electronica",2,67,81,58,2,27,1,5,17,3000,"Media","Virtual","Voluntariado","NO","Caminando",49,"Regular","SI","NO","Riesgo_academico"
"492","E0492",23,"Femenino","Sistemas",5,93,209,79,13,13,9,9,7,10725,"Media","Presencial","Cultural","NO","Publico",35,"Bueno","SI","SI","Academico_moderado"
"493","E0493",20,"Masculino","Industrial",8,76,279,72,11,9,2,6,10,24649,"Baja","Presencial","Deporte","NO","Auto",27,"Regular","SI","SI","Academico_moderado"
"494","E0494",20,"Femenino","Mecatronica",1,76,48,65,9,8,5,6,25,17796,"Baja","Presencial","Ninguna","NO","Bicicleta",23,"Bueno","NO","NO","Trabaja_y_estudia"
"495","E0495",21,"Femenino","Mecatronica",7,80,229,79,8,2,0,6,5,7997,"Baja","Presencial","Voluntariado","NO","Caminando",28,"Bueno","NO","NO","Academico_moderado"
"496","E0496",24,"No especifica","Civil",5,72,187,67,2,19,2,6,10,27356,"Baja","Virtual","Ninguna","NO","Publico",37,"Regular","NO","NO","Jugador_digital"
"497","E0497",19,"Femenino","Administracion",7,55,267,65,8,19,1,5,28,8226,"Alta","Presencial","Ninguna","NO","Publico",22,"Bueno","SI","SI","Riesgo_academico"
"498","E0498",20,"Femenino","Industrial",4,87,132,91,15,7,7,7,4,17673,"Media","Virtual","Deporte","SI","Caminando",25,"Bueno","NO","NO","Alto_desempeno_integral"
"499","E0499",21,"Femenino","Industrial",6,84,219,80,10,11,6,5,7,26643,"Media","Presencial","Ninguna","NO","Auto",62,"Bueno","NO","NO","Academico_moderado"
"500","E0500",23,"Femenino","Industrial",4,73,126,53,6,23,1,5,17,9229,"Baja","Presencial","Arte","NO","Auto",26,"Limitado","NO","NO","Riesgo_academico"
"501","E0501",18,"Masculino","Industrial",4,82,146,90,2,3,1,6,22,17899,"Baja","Hibrida","Deporte","SI","Auto",31,"Bueno","NO","NO","Trabaja_y_estudia"
"502","E0502",23,"Masculino","Administracion",5,74,174,83,9,21,2,7,15,22769,"Baja","Hibrida","Cultural","NO","Auto",58,"Bueno","SI","NO","Jugador_digital"
"503","E0503",20,"Masculino","Sistemas",5,70,166,90,9,7,3,7,40,11861,"Media","Presencial","Ninguna","NO","Publico",60,"Bueno","SI","SI","Trabaja_y_estudia"
"504","E0504",23,"Masculino","Civil",3,79,87,78,16,4,3,7,22,16523,"Media","Presencial","Ninguna","NO","Auto",5,"Bueno","NO","SI","Trabaja_y_estudia"
"505","E0505",24,"Femenino","Sistemas",6,68,227,59,7,14,1,6,15,5874,"Baja","Presencial","Ninguna","NO","Caminando",39,"Regular","SI","SI","Riesgo_academico"
"506","E0506",18,"No especifica","Civil",6,88,208,98,11,4,9,7,8,29422,"Alta","Presencial","Cultural","NO","Publico",30,"Regular","NO","NO","Alto_desempeno_integral"
"507","E0507",21,"Femenino","Administracion",6,79,188,97,7,11,1,6,5,31520,"Media","Presencial","Ninguna","NO","Publico",23,"Regular","NO","NO","Academico_moderado"
"508","E0508",20,"Femenino","Mecatronica",6,88,219,94,16,4,6,6,3,17351,"Media","Presencial","Voluntariado","NO","Caminando",41,"Bueno","NO","NO","Alto_desempeno_integral"
"509","E0509",18,"Femenino","Electronica",7,65,272,82,7,21,2,8,14,29633,"Media","Hibrida","Arte","NO","Auto",31,"Regular","NO","NO","Jugador_digital"
"510","E0510",19,"Femenino","Administracion",7,67,261,89,5,26,3,5,0,21186,"Media","Presencial","Cultural","NO","Publico",49,"Bueno","SI","NO","Jugador_digital"
"511","E0511",22,"Femenino","Mecatronica",10,67,380,68,6,19,2,6,19,14328,"Baja","Presencial","Ninguna","SI","Caminando",57,"Regular","NO","SI","Riesgo_academico"
"512","E0512",22,"Masculino","Civil",5,78,183,90,7,1,2,7,21,11062,"Media","Presencial","Ninguna","NO","Publico",22,"Limitado","NO","SI","Trabaja_y_estudia"
"513","E0513",23,"Masculino","Administracion",1,93,40,98,19,0,5,7,4,34728,"Baja","Presencial","Deporte","SI","Bicicleta",41,"Bueno","NO","SI","Alto_desempeno_integral"
"514","E0514",20,"Masculino","Administracion",7,78,249,82,6,11,4,6,0,12969,"Baja","Presencial","Ninguna","NO","Caminando",54,"Regular","NO","NO","Academico_moderado"
"515","E0515",19,"No especifica","Mecatronica",2,81,64,87,12,7,4,6,0,22672,"Media","Presencial","Cultural","NO","Caminando",43,"Regular","NO","NO","Academico_moderado"
"516","E0516",20,"Masculino","Industrial",7,72,264,70,6,6,0,5,21,13499,"Baja","Presencial","Voluntariado","NO","Caminando",20,"Regular","SI","NO","Riesgo_academico"
"517","E0517",20,"Masculino","Sistemas",6,97,214,97,25,0,10,8,1,27918,"Media","Virtual","Deporte","SI","Auto",44,"Limitado","NO","NO","Alto_desempeno_integral"
"518","E0518",24,"Masculino","Administracion",7,83,295,78,10,12,2,8,9,28237,"Media","Presencial","Deporte","SI","Publico",60,"Bueno","NO","NO","Academico_moderado"
"519","E0519",20,"Femenino","Industrial",6,69,203,53,5,11,3,6,8,7477,"Baja","Hibrida","Deporte","NO","Publico",20,"Bueno","SI","NO","Riesgo_academico"
"520","E0520",18,"Masculino","Mecatronica",6,74,218,80,4,24,4,6,2,18691,"Baja","Hibrida","Ninguna","NO","Caminando",101,"Bueno","NO","SI","Jugador_digital"
"521","E0521",21,"Masculino","Mecatronica",8,62,313,56,5,18,2,7,9,17598,"Baja","Virtual","Ninguna","NO","Caminando",31,"Regular","SI","SI","Riesgo_academico"
"522","E0522",21,"Masculino","Sistemas",3,72,103,78,13,11,2,5,4,15758,"Media","Presencial","Ninguna","SI","Publico",56,"Bueno","SI","SI","Jugador_digital"
"523","E0523",18,"Masculino","Mecatronica",6,69,228,77,7,8,0,6,17,3392,"Media","Presencial","Ninguna","NO","Auto",30,"Bueno","SI","SI","Riesgo_academico"
"524","E0524",20,"Femenino","Industrial",5,84,172,92,12,4,6,7,0,26934,"Media","Presencial","Voluntariado","NO","Caminando",40,"Bueno","NO","SI","Alto_desempeno_integral"
"525","E0525",25,"Femenino","Civil",8,92,327,87,24,0,8,7,0,14764,"Media","Presencial","Voluntariado","NO","Auto",38,"Bueno","NO","NO","Alto_desempeno_integral"
"526","E0526",24,"Femenino","Industrial",5,75,177,73,5,5,3,7,34,4074,"Baja","Hibrida","Voluntariado","NO","Caminando",46,"Bueno","NO","NO","Trabaja_y_estudia"
"527","E0527",24,"Femenino","Industrial",4,67,134,86,11,27,2,8,0,12858,"Alta","Presencial","Ninguna","NO","Caminando",9,"Limitado","NO","NO","Jugador_digital"
"528","E0528",22,"Femenino","Electronica",3,73,98,70,9,31,3,6,0,24913,"Media","Presencial","Ninguna","SI","Publico",31,"Bueno","SI","NO","Jugador_digital"
"529","E0529",21,"Masculino","Sistemas",8,86,292,75,9,6,3,6,35,9801,"Baja","Hibrida","Deporte","NO","Auto",39,"Bueno","SI","NO","Trabaja_y_estudia"
"530","E0530",21,"Femenino","Electronica",8,75,291,85,4,20,2,6,8,14582,"Baja","Presencial","Ninguna","NO","Bicicleta",49,"Bueno","SI","NO","Jugador_digital"
"531","E0531",25,"Masculino","Mecatronica",8,90,302,80,14,9,1,7,11,3412,"Baja","Presencial","Ninguna","NO","Auto",5,"Bueno","NO","NO","Academico_moderado"
"532","E0532",19,"Femenino","Administracion",3,76,96,83,6,8,4,7,19,16959,"Media","Presencial","Ninguna","NO","Publico",29,"Limitado","NO","NO","Academico_moderado"
"533","E0533",23,"Femenino","Mecatronica",5,85,216,96,14,5,7,8,0,27511,"Alta","Presencial","Arte","NO","Publico",24,"Bueno","NO","NO","Alto_desempeno_integral"
"534","E0534",20,"Masculino","Administracion",6,70,234,71,13,9,2,4,7,12743,"Baja","Virtual","Arte","NO","Publico",52,"Bueno","SI","NO","Academico_moderado"
"535","E0535",20,"Femenino","Civil",4,88,164,87,9,10,5,6,8,11907,"Baja","Presencial","Deporte","NO","Publico",59,"Bueno","NO","NO","Academico_moderado"
"536","E0536",20,"Femenino","Industrial",4,74,125,92,11,5,6,8,18,8276,"Media","Presencial","Arte","SI","Publico",30,"Regular","NO","NO","Academico_moderado"
"537","E0537",18,"Femenino","Sistemas",4,69,137,73,4,28,2,5,0,24518,"Alta","Presencial","Ninguna","NO","Caminando",41,"Regular","SI","NO","Jugador_digital"
"538","E0538",19,"Masculino","Industrial",5,84,191,86,4,4,5,6,24,15419,"Media","Presencial","Ninguna","NO","Auto",45,"Regular","SI","SI","Trabaja_y_estudia"
"539","E0539",18,"Masculino","Electronica",5,80,203,83,10,9,6,7,31,13192,"Alta","Presencial","Voluntariado","NO","Publico",40,"Regular","SI","SI","Trabaja_y_estudia"
"540","E0540",20,"Femenino","Administracion",2,71,58,92,9,14,1,6,0,17673,"Media","Presencial","Ninguna","NO","Publico",36,"Limitado","SI","NO","Jugador_digital"
"541","E0541",19,"Masculino","Civil",7,82,255,64,4,5,2,7,19,3000,"Baja","Hibrida","Ninguna","NO","Publico",40,"Regular","SI","SI","Trabaja_y_estudia"
"542","E0542",23,"Masculino","Industrial",6,68,199,84,11,3,4,7,10,17093,"Media","Hibrida","Ninguna","NO","Bicicleta",44,"Bueno","NO","SI","Academico_moderado"
"543","E0543",18,"Femenino","Sistemas",6,50,209,67,4,19,4,6,21,7556,"Baja","Hibrida","Ninguna","NO","Auto",26,"Limitado","SI","SI","Riesgo_academico"
"544","E0544",22,"Masculino","Administracion",6,75,246,74,5,17,4,6,3,13669,"Alta","Presencial","Ninguna","NO","Publico",15,"Regular","SI","NO","Jugador_digital"
"545","E0545",21,"Femenino","Administracion",5,75,173,83,10,5,1,8,5,13900,"Media","Hibrida","Deporte","SI","Bicicleta",25,"Regular","SI","NO","Academico_moderado"
"546","E0546",21,"Masculino","Mecatronica",4,61,189,71,6,13,0,7,20,17076,"Media","Virtual","Ninguna","SI","Auto",62,"Regular","NO","SI","Riesgo_academico"
"547","E0547",20,"Masculino","Mecatronica",4,65,126,72,8,23,2,7,9,17717,"Media","Presencial","Ninguna","NO","Auto",36,"Bueno","NO","NO","Jugador_digital"
"548","E0548",21,"Masculino","Administracion",5,83,186,96,16,4,3,6,0,21197,"Media","Presencial","Deporte","NO","Publico",37,"Bueno","SI","NO","Alto_desempeno_integral"
"549","E0549",20,"Masculino","Civil",6,86,230,94,27,2,4,6,0,15385,"Media","Hibrida","Voluntariado","NO","Auto",5,"Regular","NO","NO","Alto_desempeno_integral"
"550","E0550",20,"Femenino","Administracion",8,75,316,86,10,6,7,7,18,14071,"Media","Hibrida","Ninguna","NO","Publico",46,"Bueno","NO","NO","Trabaja_y_estudia"
"551","E0551",20,"Masculino","Sistemas",5,87,183,89,11,11,4,8,0,3420,"Baja","Presencial","Voluntariado","SI","Publico",29,"Regular","NO","NO","Academico_moderado"
"552","E0552",18,"Femenino","Civil",5,77,166,84,13,13,6,7,7,20000,"Alta","Presencial","Ninguna","NO","Caminando",11,"Bueno","NO","NO","Academico_moderado"
"553","E0553",19,"Femenino","Sistemas",9,70,324,80,10,3,0,6,17,16177,"Media","Presencial","Ninguna","NO","Bicicleta",28,"Bueno","NO","NO","Trabaja_y_estudia"
"554","E0554",24,"Masculino","Administracion",5,65,198,77,3,20,1,5,23,13283,"Baja","Hibrida","Ninguna","NO","Auto",21,"Limitado","NO","NO","Riesgo_academico"
"555","E0555",22,"Masculino","Industrial",6,68,237,80,13,6,5,6,21,12046,"Media","Virtual","Ninguna","NO","Publico",5,"Bueno","NO","SI","Trabaja_y_estudia"
"556","E0556",18,"No especifica","Sistemas",4,78,142,74,16,7,4,6,33,11057,"Media","Virtual","Ninguna","NO","Publico",56,"Bueno","SI","NO","Trabaja_y_estudia"
"557","E0557",24,"Masculino","Sistemas",4,59,160,66,5,11,0,6,12,4507,"Baja","Presencial","Ninguna","NO","Auto",23,"Bueno","SI","NO","Riesgo_academico"
"558","E0558",19,"Femenino","Civil",5,82,172,88,7,10,6,6,16,3000,"Media","Presencial","Deporte","SI","Publico",15,"Regular","NO","NO","Academico_moderado"
"559","E0559",18,"Masculino","Sistemas",6,82,241,83,2,26,3,8,7,22430,"Media","Presencial","Cultural","NO","Caminando",43,"Bueno","NO","NO","Jugador_digital"
"560","E0560",18,"Femenino","Electronica",8,78,307,88,6,6,5,5,30,18069,"Baja","Virtual","Ninguna","NO","Publico",46,"Regular","NO","NO","Trabaja_y_estudia"
"561","E0561",22,"Masculino","Industrial",6,94,227,99,19,8,10,7,0,17849,"Alta","Presencial","Deporte","SI","Publico",32,"Bueno","NO","NO","Alto_desempeno_integral"
"562","E0562",22,"Masculino","Sistemas",3,61,139,64,5,23,0,5,5,10289,"Media","Presencial","Cultural","NO","Bicicleta",58,"Regular","NO","NO","Riesgo_academico"
"563","E0563",22,"Masculino","Administracion",6,83,256,82,11,16,3,6,4,18494,"Baja","Presencial","Deporte","NO","Auto",5,"Bueno","SI","SI","Jugador_digital"
"564","E0564",22,"Femenino","Industrial",2,65,75,66,6,10,2,5,25,14770,"Baja","Virtual","Ninguna","NO","Publico",35,"Regular","SI","NO","Riesgo_academico"
"565","E0565",21,"Femenino","Mecatronica",7,98,236,93,21,7,11,8,2,18012,"Alta","Presencial","Voluntariado","SI","Caminando",29,"Bueno","NO","NO","Alto_desempeno_integral"
"566","E0566",25,"Masculino","Sistemas",6,71,192,77,6,17,2,8,2,20080,"Baja","Presencial","Ninguna","NO","Bicicleta",60,"Bueno","NO","NO","Jugador_digital"
"567","E0567",20,"Masculino","Administracion",4,77,154,83,5,31,4,7,10,10114,"Baja","Hibrida","Ninguna","NO","Publico",31,"Bueno","NO","NO","Jugador_digital"
"568","E0568",20,"Femenino","Sistemas",5,59,178,79,2,10,1,5,22,13291,"Baja","Presencial","Ninguna","NO","Bicicleta",43,"Limitado","SI","NO","Riesgo_academico"
"569","E0569",21,"Masculino","Civil",7,70,266,78,12,26,2,6,6,24726,"Media","Virtual","Ninguna","NO","Auto",31,"Bueno","NO","NO","Jugador_digital"
"570","E0570",22,"Masculino","Civil",3,86,82,88,23,5,10,7,6,31281,"Media","Virtual","Arte","NO","Publico",43,"Bueno","SI","NO","Alto_desempeno_integral"
"571","E0571",18,"Femenino","Sistemas",8,86,311,86,6,28,0,7,6,11283,"Media","Hibrida","Arte","NO","Caminando",29,"Regular","NO","NO","Jugador_digital"
"572","E0572",22,"Femenino","Administracion",7,95,237,94,21,4,10,8,2,31317,"Media","Presencial","Deporte","NO","Auto",69,"Bueno","SI","NO","Alto_desempeno_integral"
"573","E0573",18,"Masculino","Sistemas",7,81,256,74,9,29,3,6,3,18421,"Alta","Presencial","Ninguna","NO","Auto",67,"Bueno","NO","NO","Jugador_digital"
"574","E0574",19,"Masculino","Sistemas",6,81,203,75,10,9,4,4,12,8141,"Media","Presencial","Ninguna","SI","Publico",31,"Regular","SI","SI","Trabaja_y_estudia"
"575","E0575",26,"Masculino","Civil",3,81,101,92,8,6,5,7,0,27115,"Media","Virtual","Deporte","SI","Auto",34,"Bueno","NO","SI","Academico_moderado"
"576","E0576",18,"Masculino","Administracion",3,81,111,87,10,10,5,7,2,15228,"Media","Hibrida","Voluntariado","NO","Auto",48,"Bueno","SI","SI","Academico_moderado"
"577","E0577",25,"Femenino","Administracion",7,74,268,83,15,8,7,7,0,14362,"Media","Presencial","Voluntariado","NO","Publico",29,"Regular","SI","NO","Academico_moderado"
"578","E0578",21,"Masculino","Industrial",6,69,232,79,12,8,1,7,7,14896,"Media","Hibrida","Voluntariado","NO","Auto",5,"Bueno","SI","SI","Academico_moderado"
"579","E0579",20,"Femenino","Industrial",7,78,252,81,17,6,4,6,9,13570,"Baja","Hibrida","Cultural","NO","Publico",11,"Bueno","SI","NO","Academico_moderado"
"580","E0580",22,"Femenino","Administracion",7,78,267,88,6,2,1,8,0,19812,"Media","Presencial","Ninguna","NO","Auto",24,"Regular","SI","NO","Academico_moderado"
"581","E0581",19,"Masculino","Administracion",1,81,34,77,10,10,6,6,10,22979,"Media","Virtual","Deporte","SI","Caminando",31,"Regular","SI","NO","Academico_moderado"
"582","E0582",20,"Femenino","Industrial",4,78,163,88,7,3,3,7,6,19655,"Media","Hibrida","Deporte","NO","Publico",26,"Bueno","NO","NO","Academico_moderado"
"583","E0583",21,"Femenino","Administracion",5,64,185,76,5,5,6,5,30,6649,"Baja","Presencial","Ninguna","NO","Publico",56,"Bueno","NO","NO","Trabaja_y_estudia"
"584","E0584",19,"Femenino","Electronica",9,71,357,87,15,10,5,8,21,23059,"Alta","Hibrida","Arte","NO","Caminando",44,"Regular","NO","NO","Academico_moderado"
"585","E0585",24,"Femenino","Mecatronica",7,70,260,85,9,3,3,6,18,17406,"Alta","Presencial","Voluntariado","NO","Auto",39,"Regular","NO","NO","Trabaja_y_estudia"
"586","E0586",20,"Masculino","Electronica",5,78,172,79,4,25,4,8,4,28789,"Media","Presencial","Ninguna","NO","Auto",35,"Bueno","SI","NO","Jugador_digital"
"587","E0587",23,"Masculino","Electronica",9,76,367,88,10,3,2,6,21,20360,"Baja","Presencial","Deporte","NO","Publico",48,"Bueno","SI","NO","Academico_moderado"
"588","E0588",22,"Femenino","Civil",4,64,159,61,8,8,5,4,19,10069,"Baja","Presencial","Ninguna","NO","Bicicleta",23,"Limitado","SI","NO","Riesgo_academico"
"589","E0589",24,"Femenino","Sistemas",3,70,105,72,0,28,4,6,6,18673,"Media","Presencial","Ninguna","NO","Bicicleta",27,"Regular","NO","NO","Jugador_digital"
"590","E0590",24,"Masculino","Sistemas",7,79,269,98,7,7,3,5,32,13548,"Media","Presencial","Ninguna","NO","Auto",64,"Limitado","SI","SI","Trabaja_y_estudia"
"591","E0591",23,"Masculino","Sistemas",3,80,126,86,12,9,0,6,19,22269,"Baja","Presencial","Ninguna","SI","Publico",45,"Bueno","NO","NO","Academico_moderado"
"592","E0592",21,"Femenino","Sistemas",9,84,348,99,9,13,3,7,0,19124,"Alta","Presencial","Voluntariado","NO","Publico",27,"Bueno","NO","NO","Academico_moderado"
"593","E0593",21,"Femenino","Mecatronica",1,85,42,84,12,0,0,6,2,31468,"Media","Presencial","Deporte","NO","Publico",11,"Limitado","NO","NO","Academico_moderado"
"594","E0594",25,"Masculino","Industrial",3,94,105,95,11,7,8,7,9,36597,"Media","Presencial","Deporte","SI","Auto",45,"Bueno","SI","SI","Alto_desempeno_integral"
"595","E0595",22,"Femenino","Industrial",5,79,182,73,3,1,2,6,22,11619,"Media","Hibrida","Ninguna","SI","Publico",22,"Regular","SI","NO","Trabaja_y_estudia"
"596","E0596",21,"Masculino","Electronica",2,81,119,85,12,8,2,5,0,10902,"Baja","Presencial","Ninguna","SI","Publico",29,"Regular","NO","NO","Jugador_digital"
"597","E0597",20,"Masculino","Administracion",4,91,139,97,15,4,8,7,6,31183,"Media","Hibrida","Voluntariado","NO","Auto",16,"Bueno","NO","SI","Alto_desempeno_integral"
"598","E0598",22,"Femenino","Civil",8,72,311,74,10,6,6,6,35,17911,"Media","Hibrida","Voluntariado","SI","Caminando",15,"Regular","SI","SI","Trabaja_y_estudia"
"599","E0599",18,"Femenino","Mecatronica",5,78,166,89,8,10,0,7,3,4987,"Baja","Hibrida","Ninguna","NO","Auto",56,"Bueno","NO","SI","Academico_moderado"
"600","E0600",20,"Femenino","Administracion",2,60,63,78,6,17,0,5,28,8885,"Media","Hibrida","Ninguna","NO","Auto",40,"Regular","SI","NO","Riesgo_academico"
"601","E0601",22,"Masculino","Industrial",6,69,235,86,2,9,4,7,7,30643,"Alta","Presencial","Ninguna","SI","Auto",44,"Regular","NO","SI","Academico_moderado"
"602","E0602",21,"No especifica","Administracion",4,68,161,70,1,0,4,7,23,4581,"Media","Presencial","Ninguna","NO","Auto",16,"Bueno","NO","NO","Riesgo_academico"
"603","E0603",26,"Masculino","Sistemas",5,82,169,86,8,1,11,7,6,29593,"Media","Presencial","Deporte","SI","Caminando",5,"Bueno","NO","NO","Academico_moderado"
"604","E0604",22,"Masculino","Industrial",4,93,154,99,19,9,3,8,12,15801,"Media","Virtual","Deporte","SI","Caminando",30,"Regular","NO","NO","Alto_desempeno_integral"
"605","E0605",22,"Masculino","Mecatronica",2,78,75,77,11,28,4,7,5,3000,"Baja","Hibrida","Deporte","SI","Auto",61,"Bueno","SI","NO","Jugador_digital"
"606","E0606",23,"Masculino","Sistemas",3,70,107,78,6,5,5,7,14,15217,"Baja","Presencial","Ninguna","NO","Publico",45,"Limitado","NO","NO","Trabaja_y_estudia"
"607","E0607",21,"Masculino","Administracion",6,87,231,92,19,9,6,8,0,23684,"Baja","Presencial","Deporte","SI","Auto",35,"Bueno","NO","SI","Alto_desempeno_integral"
"608","E0608",23,"Femenino","Electronica",5,84,173,75,6,18,0,6,15,23462,"Media","Presencial","Ninguna","NO","Caminando",30,"Bueno","NO","SI","Academico_moderado"
"609","E0609",18,"Femenino","Administracion",3,88,96,91,10,0,6,8,0,21753,"Alta","Hibrida","Cultural","NO","Bicicleta",18,"Bueno","NO","NO","Alto_desempeno_integral"
"610","E0610",20,"Femenino","Mecatronica",1,97,29,97,18,3,6,7,6,23930,"Baja","Hibrida","Arte","NO","Caminando",21,"Bueno","NO","NO","Alto_desempeno_integral"
"611","E0611",22,"Masculino","Civil",5,80,160,99,13,12,0,6,11,3829,"Baja","Presencial","Ninguna","NO","Bicicleta",24,"Bueno","NO","NO","Academico_moderado"
"612","E0612",22,"Masculino","Sistemas",7,91,259,96,22,6,8,7,3,26366,"Media","Presencial","Ninguna","SI","Auto",22,"Bueno","NO","SI","Alto_desempeno_integral"
"613","E0613",22,"Masculino","Administracion",4,94,153,91,14,6,6,9,0,25316,"Media","Virtual","Cultural","NO","Auto",44,"Bueno","NO","SI","Alto_desempeno_integral"
"614","E0614",21,"Masculino","Mecatronica",2,76,29,87,5,31,3,6,0,26415,"Media","Presencial","Voluntariado","NO","Auto",45,"Bueno","NO","SI","Jugador_digital"
"615","E0615",22,"Femenino","Electronica",3,67,121,81,8,19,4,7,5,20557,"Alta","Presencial","Voluntariado","NO","Auto",57,"Bueno","NO","SI","Jugador_digital"
"616","E0616",20,"Masculino","Civil",3,74,103,65,12,10,4,7,17,4120,"Alta","Presencial","Deporte","NO","Auto",6,"Regular","NO","NO","Trabaja_y_estudia"
"617","E0617",19,"Masculino","Civil",4,90,161,94,12,3,8,8,5,45593,"Alta","Presencial","Deporte","SI","Auto",44,"Regular","SI","SI","Alto_desempeno_integral"
"618","E0618",21,"Masculino","Administracion",6,91,217,88,6,5,3,4,18,18919,"Media","Hibrida","Deporte","NO","Auto",13,"Regular","SI","NO","Trabaja_y_estudia"
"619","E0619",22,"Masculino","Industrial",6,81,221,98,15,6,10,8,0,21862,"Media","Presencial","Arte","NO","Auto",14,"Bueno","NO","SI","Alto_desempeno_integral"
"620","E0620",23,"Masculino","Electronica",6,69,221,72,8,4,2,4,21,20998,"Alta","Presencial","Ninguna","NO","Auto",22,"Bueno","NO","NO","Trabaja_y_estudia"
"621","E0621",23,"Femenino","Sistemas",6,71,221,67,2,15,3,4,15,3000,"Baja","Hibrida","Ninguna","NO","Publico",58,"Bueno","NO","NO","Riesgo_academico"
"622","E0622",19,"Masculino","Mecatronica",6,87,239,89,6,9,0,6,36,12570,"Media","Presencial","Ninguna","NO","Publico",43,"Regular","NO","SI","Trabaja_y_estudia"
"623","E0623",22,"Masculino","Mecatronica",6,74,211,87,8,7,2,7,9,12927,"Media","Hibrida","Ninguna","SI","Publico",23,"Bueno","NO","SI","Academico_moderado"
"624","E0624",19,"Femenino","Sistemas",4,75,128,84,13,8,10,6,3,23456,"Baja","Presencial","Voluntariado","NO","Caminando",39,"Regular","NO","NO","Academico_moderado"
"625","E0625",22,"Femenino","Mecatronica",6,80,224,78,10,25,1,6,8,9978,"Media","Presencial","Deporte","NO","Publico",27,"Bueno","NO","NO","Jugador_digital"
"626","E0626",18,"Masculino","Administracion",2,70,54,85,7,15,3,7,0,21736,"Baja","Presencial","Ninguna","NO","Bicicleta",19,"Bueno","SI","NO","Jugador_digital"
"627","E0627",21,"Masculino","Electronica",4,74,171,89,14,3,0,6,26,8844,"Baja","Presencial","Ninguna","NO","Auto",60,"Regular","NO","SI","Trabaja_y_estudia"
"628","E0628",19,"Masculino","Industrial",6,78,238,68,4,7,3,8,24,12059,"Baja","Hibrida","Voluntariado","NO","Auto",21,"Limitado","SI","NO","Riesgo_academico"
"629","E0629",23,"Masculino","Mecatronica",7,77,248,84,6,16,4,7,0,15787,"Media","Presencial","Ninguna","NO","Caminando",48,"Bueno","NO","SI","Jugador_digital"
"630","E0630",18,"Femenino","Administracion",6,66,254,56,3,9,3,4,15,11903,"Media","Presencial","Ninguna","NO","Auto",49,"Bueno","NO","NO","Riesgo_academico"
"631","E0631",21,"Masculino","Mecatronica",3,87,111,100,15,6,5,7,8,21061,"Media","Virtual","Deporte","SI","Auto",32,"Bueno","NO","NO","Alto_desempeno_integral"
"632","E0632",23,"Masculino","Industrial",8,86,305,89,16,4,0,8,7,3000,"Media","Presencial","Cultural","SI","Auto",7,"Regular","NO","SI","Alto_desempeno_integral"
"633","E0633",21,"Masculino","Sistemas",7,90,287,97,23,6,6,7,0,23946,"Media","Hibrida","Cultural","SI","Publico",5,"Bueno","SI","NO","Alto_desempeno_integral"
"634","E0634",20,"Femenino","Administracion",4,81,163,74,10,5,4,7,10,22671,"Baja","Presencial","Arte","NO","Caminando",65,"Bueno","NO","SI","Academico_moderado"
"635","E0635",21,"Femenino","Sistemas",4,73,130,74,9,15,6,7,0,21016,"Media","Presencial","Cultural","NO","Publico",61,"Bueno","NO","SI","Academico_moderado"
"636","E0636",20,"Masculino","Civil",3,80,98,83,5,31,0,6,3,21906,"Media","Presencial","Ninguna","NO","Publico",38,"Regular","NO","NO","Jugador_digital"
"637","E0637",20,"Femenino","Industrial",3,84,105,94,8,12,3,7,11,38890,"Media","Presencial","Ninguna","NO","Caminando",13,"Bueno","SI","NO","Academico_moderado"
"638","E0638",24,"Masculino","Industrial",4,74,129,83,8,8,7,6,17,6338,"Media","Hibrida","Ninguna","NO","Publico",31,"Bueno","NO","NO","Trabaja_y_estudia"
"639","E0639",24,"Masculino","Industrial",6,94,203,93,10,12,5,7,7,32419,"Alta","Virtual","Deporte","NO","Publico",25,"Bueno","NO","NO","Alto_desempeno_integral"
"640","E0640",23,"Masculino","Administracion",2,60,52,66,3,13,1,5,20,9946,"Baja","Presencial","Ninguna","NO","Publico",8,"Regular","NO","SI","Riesgo_academico"
"641","E0641",23,"Femenino","Electronica",4,77,117,100,8,8,6,8,17,15289,"Baja","Presencial","Deporte","NO","Publico",28,"Regular","NO","SI","Academico_moderado"
"642","E0642",22,"Femenino","Electronica",4,72,136,91,12,10,8,7,0,17274,"Alta","Presencial","Deporte","SI","Publico",58,"Regular","NO","SI","Academico_moderado"
"643","E0643",23,"Masculino","Industrial",7,71,259,71,8,7,4,6,24,17511,"Baja","Hibrida","Voluntariado","NO","Auto",52,"Bueno","NO","SI","Trabaja_y_estudia"
"644","E0644",23,"Femenino","Industrial",5,79,178,92,14,7,11,7,11,15563,"Alta","Virtual","Deporte","SI","Publico",35,"Bueno","SI","NO","Academico_moderado"
"645","E0645",22,"No especifica","Administracion",5,84,182,85,6,3,1,7,23,15017,"Alta","Hibrida","Arte","NO","Bicicleta",41,"Bueno","SI","SI","Trabaja_y_estudia"
"646","E0646",18,"Masculino","Sistemas",3,72,99,83,6,4,3,8,18,14501,"Media","Hibrida","Ninguna","SI","Bicicleta",14,"Regular","NO","NO","Academico_moderado"
"647","E0647",18,"Masculino","Industrial",3,72,118,84,7,3,1,6,15,7397,"Baja","Presencial","Ninguna","NO","Bicicleta",34,"Regular","NO","SI","Trabaja_y_estudia"
"648","E0648",19,"No especifica","Industrial",4,79,148,86,10,4,4,7,0,25818,"Media","Hibrida","Cultural","NO","Caminando",25,"Bueno","NO","NO","Academico_moderado"
"649","E0649",19,"Femenino","Civil",6,66,214,77,4,29,2,6,2,21034,"Baja","Presencial","Ninguna","NO","Publico",81,"Bueno","NO","NO","Jugador_digital"
"650","E0650",23,"Masculino","Sistemas",3,77,98,78,11,9,4,7,0,10093,"Media","Presencial","Deporte","NO","Auto",35,"Regular","SI","SI","Academico_moderado"
"651","E0651",25,"Masculino","Electronica",8,80,338,88,8,1,6,7,8,21088,"Media","Presencial","Deporte","NO","Auto",38,"Bueno","NO","NO","Academico_moderado"
"652","E0652",26,"Femenino","Mecatronica",2,64,57,73,4,18,3,6,20,10241,"Baja","Presencial","Ninguna","NO","Caminando",50,"Limitado","NO","NO","Riesgo_academico"
"653","E0653",24,"Femenino","Sistemas",6,68,238,62,0,20,3,6,21,11713,"Baja","Presencial","Ninguna","NO","Caminando",37,"Bueno","SI","SI","Riesgo_academico"
"654","E0654",18,"Femenino","Industrial",6,62,223,71,6,15,1,7,13,7777,"Baja","Presencial","Ninguna","NO","Auto",35,"Regular","NO","SI","Riesgo_academico"
"655","E0655",19,"Femenino","Administracion",2,84,47,78,7,15,0,7,11,24181,"Media","Presencial","Arte","NO","Caminando",34,"Bueno","SI","NO","Jugador_digital"
"656","E0656",20,"Femenino","Sistemas",10,75,375,78,6,4,2,6,32,4771,"Alta","Hibrida","Ninguna","NO","Publico",29,"Bueno","SI","SI","Trabaja_y_estudia"
"657","E0657",20,"No especifica","Sistemas",6,79,250,81,8,6,3,6,22,19986,"Baja","Hibrida","Ninguna","NO","Auto",38,"Limitado","NO","NO","Academico_moderado"
"658","E0658",21,"Masculino","Administracion",4,96,142,95,10,1,5,8,0,36943,"Media","Presencial","Arte","SI","Publico",67,"Regular","SI","SI","Alto_desempeno_integral"
"659","E0659",21,"Femenino","Industrial",4,78,122,73,12,0,5,8,2,16183,"Media","Virtual","Ninguna","NO","Publico",5,"Regular","NO","SI","Academico_moderado"
"660","E0660",22,"Masculino","Mecatronica",6,76,215,83,10,10,3,6,3,12013,"Baja","Presencial","Ninguna","NO","Publico",61,"Limitado","NO","NO","Academico_moderado"
"661","E0661",19,"Femenino","Civil",5,78,211,70,6,22,4,4,5,12018,"Baja","Presencial","Ninguna","NO","Caminando",45,"Bueno","NO","NO","Jugador_digital"
"662","E0662",21,"Femenino","Industrial",6,77,241,83,3,18,4,5,34,4595,"Media","Presencial","Ninguna","NO","Publico",38,"Limitado","NO","SI","Riesgo_academico"
"663","E0663",19,"Masculino","Administracion",5,53,187,70,3,17,1,6,2,15592,"Alta","Presencial","Ninguna","NO","Auto",41,"Regular","NO","SI","Riesgo_academico"
"664","E0664",22,"Masculino","Mecatronica",5,89,160,93,22,9,5,6,9,15773,"Baja","Virtual","Ninguna","NO","Caminando",53,"Bueno","NO","NO","Alto_desempeno_integral"
"665","E0665",18,"Femenino","Administracion",6,78,192,79,12,5,4,7,30,9129,"Media","Presencial","Ninguna","SI","Bicicleta",17,"Bueno","NO","NO","Trabaja_y_estudia"
"666","E0666",19,"Masculino","Mecatronica",1,92,65,94,17,8,14,5,0,19003,"Baja","Presencial","Deporte","SI","Publico",55,"Bueno","NO","SI","Alto_desempeno_integral"
"667","E0667",24,"Masculino","Civil",6,88,220,95,17,5,5,8,2,41816,"Media","Presencial","Arte","NO","Auto",86,"Bueno","NO","SI","Alto_desempeno_integral"
"668","E0668",22,"Femenino","Civil",4,69,162,69,5,9,2,8,25,5010,"Media","Hibrida","Voluntariado","NO","Caminando",50,"Bueno","NO","NO","Riesgo_academico"
"669","E0669",19,"Masculino","Sistemas",4,87,153,92,12,0,6,7,11,19882,"Baja","Virtual","Deporte","SI","Auto",17,"Regular","SI","NO","Alto_desempeno_integral"
"670","E0670",23,"Femenino","Industrial",7,95,225,94,18,7,10,8,12,14569,"Alta","Hibrida","Cultural","SI","Auto",29,"Bueno","SI","NO","Alto_desempeno_integral"
"671","E0671",22,"Masculino","Industrial",6,76,230,78,6,14,2,7,5,19418,"Media","Hibrida","Ninguna","NO","Publico",42,"Bueno","NO","NO","Jugador_digital"
"672","E0672",19,"Masculino","Administracion",1,87,43,94,20,4,7,6,0,22142,"Baja","Presencial","Deporte","SI","Auto",38,"Bueno","NO","SI","Alto_desempeno_integral"
"673","E0673",19,"Femenino","Sistemas",3,60,150,59,8,19,0,6,18,23030,"Media","Presencial","Ninguna","NO","Publico",58,"Bueno","NO","SI","Riesgo_academico"
"674","E0674",21,"Masculino","Sistemas",3,78,138,76,8,24,1,8,0,11236,"Media","Presencial","Deporte","NO","Auto",5,"Bueno","SI","NO","Jugador_digital"
"675","E0675",21,"Femenino","Mecatronica",7,85,261,74,6,20,2,6,3,30090,"Media","Presencial","Ninguna","SI","Auto",31,"Bueno","NO","NO","Jugador_digital"
"676","E0676",22,"Femenino","Sistemas",3,86,110,87,11,9,1,7,17,23729,"Baja","Hibrida","Deporte","SI","Bicicleta",18,"Limitado","NO","NO","Academico_moderado"
"677","E0677",19,"Masculino","Sistemas",8,76,296,80,4,10,0,8,6,14395,"Baja","Hibrida","Ninguna","SI","Bicicleta",23,"Regular","NO","SI","Jugador_digital"
"678","E0678",22,"Masculino","Sistemas",5,72,198,73,8,30,0,7,0,15019,"Alta","Presencial","Ninguna","NO","Bicicleta",48,"Bueno","NO","NO","Jugador_digital"
"679","E0679",24,"Femenino","Industrial",7,69,247,73,4,16,1,7,14,16377,"Media","Presencial","Voluntariado","SI","Publico",25,"Bueno","SI","NO","Jugador_digital"
"680","E0680",20,"Masculino","Electronica",4,66,141,68,5,24,0,5,8,3660,"Baja","Presencial","Ninguna","NO","Caminando",44,"Regular","SI","NO","Riesgo_academico"
"681","E0681",21,"Masculino","Administracion",5,76,188,86,10,11,9,7,13,3000,"Baja","Presencial","Ninguna","NO","Auto",16,"Bueno","NO","NO","Academico_moderado"
"682","E0682",19,"Femenino","Industrial",2,79,64,80,13,9,2,7,0,19118,"Baja","Hibrida","Deporte","NO","Publico",31,"Regular","NO","SI","Academico_moderado"
"683","E0683",21,"Femenino","Administracion",7,68,266,87,10,10,5,6,0,17072,"Media","Presencial","Ninguna","NO","Bicicleta",17,"Bueno","NO","NO","Academico_moderado"
"684","E0684",25,"Masculino","Administracion",5,89,163,98,20,0,6,7,7,33142,"Media","Hibrida","Ninguna","NO","Caminando",62,"Bueno","SI","NO","Alto_desempeno_integral"
"685","E0685",22,"Femenino","Sistemas",6,81,235,86,13,12,4,7,0,18695,"Media","Hibrida","Deporte","SI","Caminando",30,"Bueno","SI","NO","Academico_moderado"
"686","E0686",23,"Femenino","Electronica",4,83,124,89,12,4,3,7,4,15980,"Baja","Presencial","Ninguna","NO","Auto",20,"Bueno","SI","SI","Academico_moderado"
"687","E0687",18,"Masculino","Administracion",3,74,121,82,8,4,8,6,15,15862,"Media","Virtual","Ninguna","NO","Bicicleta",36,"Bueno","NO","NO","Academico_moderado"
"688","E0688",22,"Masculino","Industrial",5,75,186,89,8,5,1,6,9,16824,"Media","Presencial","Ninguna","NO","Publico",19,"Regular","SI","NO","Academico_moderado"
"689","E0689",18,"Femenino","Civil",5,73,193,76,9,4,9,6,7,21743,"Baja","Presencial","Ninguna","SI","Publico",33,"Bueno","NO","NO","Academico_moderado"
"690","E0690",23,"Femenino","Sistemas",4,81,146,84,7,4,4,7,0,19576,"Media","Presencial","Ninguna","NO","Publico",35,"Bueno","SI","NO","Academico_moderado"
"691","E0691",22,"Femenino","Mecatronica",1,92,71,92,15,7,8,8,0,29266,"Media","Hibrida","Arte","NO","Publico",17,"Bueno","SI","SI","Alto_desempeno_integral"
"692","E0692",21,"Masculino","Civil",8,76,309,80,10,21,2,4,12,19528,"Baja","Presencial","Deporte","SI","Publico",40,"Regular","SI","SI","Jugador_digital"
"693","E0693",20,"Femenino","Civil",8,76,322,79,7,10,6,8,3,17455,"Media","Presencial","Ninguna","NO","Bicicleta",15,"Bueno","SI","NO","Academico_moderado"
"694","E0694",18,"Masculino","Sistemas",5,94,149,89,16,9,9,7,0,23833,"Alta","Presencial","Deporte","SI","Publico",61,"Regular","NO","NO","Alto_desempeno_integral"
"695","E0695",23,"Femenino","Electronica",7,73,292,86,4,19,4,4,3,13868,"Alta","Presencial","Deporte","NO","Publico",39,"Bueno","NO","NO","Jugador_digital"
"696","E0696",19,"Femenino","Sistemas",6,90,233,89,11,7,8,7,7,30654,"Media","Presencial","Voluntariado","NO","Publico",20,"Bueno","NO","NO","Alto_desempeno_integral"
"697","E0697",22,"Masculino","Sistemas",5,90,179,97,18,5,7,7,4,18240,"Media","Virtual","Deporte","SI","Caminando",62,"Regular","NO","SI","Alto_desempeno_integral"
"698","E0698",19,"Femenino","Mecatronica",6,89,220,99,16,4,4,7,1,15350,"Baja","Presencial","Ninguna","NO","Publico",34,"Bueno","NO","NO","Alto_desempeno_integral"
"699","E0699",20,"Masculino","Sistemas",5,95,187,100,15,6,7,7,2,12119,"Media","Presencial","Deporte","SI","Bicicleta",29,"Bueno","NO","SI","Alto_desempeno_integral"
"700","E0700",22,"Femenino","Administracion",8,82,284,85,13,0,4,7,10,19219,"Alta","Presencial","Ninguna","NO","Auto",62,"Bueno","NO","SI","Academico_moderado"
"701","E0701",24,"Masculino","Sistemas",2,85,80,97,18,3,6,7,14,20365,"Alta","Presencial","Deporte","NO","Auto",14,"Bueno","NO","NO","Alto_desempeno_integral"
"702","E0702",24,"Femenino","Civil",4,80,170,76,7,9,2,8,18,19821,"Baja","Presencial","Voluntariado","NO","Publico",15,"Limitado","NO","SI","Trabaja_y_estudia"
"703","E0703",19,"Masculino","Administracion",8,94,353,86,12,6,8,7,5,36457,"Media","Presencial","Voluntariado","NO","Caminando",41,"Bueno","NO","SI","Alto_desempeno_integral"
"704","E0704",22,"No especifica","Sistemas",6,60,231,70,0,21,0,8,10,14437,"Baja","Virtual","Ninguna","NO","Caminando",54,"Regular","NO","NO","Riesgo_academico"
"705","E0705",21,"Masculino","Sistemas",4,77,140,84,11,6,2,8,0,9041,"Media","Presencial","Deporte","SI","Publico",33,"Bueno","NO","SI","Academico_moderado"
"706","E0706",23,"Femenino","Electronica",6,82,224,76,10,12,5,7,0,14172,"Baja","Virtual","Cultural","NO","Auto",31,"Regular","SI","NO","Academico_moderado"
"707","E0707",22,"Masculino","Industrial",7,72,250,61,6,10,1,6,15,13501,"Baja","Presencial","Ninguna","NO","Auto",12,"Bueno","SI","NO","Riesgo_academico"
"708","E0708",24,"Masculino","Electronica",8,85,283,85,14,12,7,8,5,19443,"Baja","Hibrida","Cultural","NO","Auto",55,"Regular","SI","SI","Academico_moderado"
"709","E0709",22,"Masculino","Mecatronica",6,79,212,83,8,18,3,7,8,18831,"Media","Presencial","Ninguna","NO","Caminando",14,"Bueno","SI","NO","Jugador_digital"
"710","E0710",18,"Femenino","Administracion",6,81,227,82,8,26,4,7,0,8585,"Media","Presencial","Arte","NO","Publico",27,"Bueno","NO","NO","Jugador_digital"
"711","E0711",21,"Masculino","Civil",3,75,86,83,10,2,0,8,18,20491,"Baja","Presencial","Ninguna","NO","Publico",17,"Regular","NO","SI","Trabaja_y_estudia"
"712","E0712",19,"Masculino","Mecatronica",5,78,188,83,11,2,0,8,12,26776,"Baja","Presencial","Deporte","SI","Publico",18,"Bueno","NO","SI","Academico_moderado"
"713","E0713",21,"Masculino","Industrial",6,60,241,72,6,9,2,7,2,9963,"Baja","Presencial","Ninguna","NO","Auto",30,"Regular","NO","NO","Riesgo_academico"
"714","E0714",22,"Femenino","Electronica",5,84,168,92,18,2,9,9,0,22878,"Alta","Presencial","Arte","SI","Caminando",36,"Regular","NO","SI","Alto_desempeno_integral"
"715","E0715",24,"Masculino","Administracion",6,77,240,62,11,12,0,7,13,7717,"Baja","Presencial","Voluntariado","SI","Auto",35,"Regular","NO","NO","Academico_moderado"
"716","E0716",18,"Femenino","Mecatronica",6,79,216,75,9,23,2,6,10,9936,"Alta","Hibrida","Ninguna","NO","Auto",38,"Bueno","SI","NO","Jugador_digital"
"717","E0717",22,"Femenino","Mecatronica",5,82,163,84,10,6,2,7,4,14338,"Media","Hibrida","Deporte","SI","Auto",31,"Bueno","NO","NO","Academico_moderado"
"718","E0718",26,"Masculino","Sistemas",6,78,171,88,11,4,2,8,15,20646,"Media","Presencial","Ninguna","NO","Caminando",23,"Limitado","NO","SI","Academico_moderado"
"719","E0719",19,"Masculino","Sistemas",3,87,116,100,24,5,10,6,8,28865,"Media","Presencial","Voluntariado","NO","Auto",61,"Bueno","SI","NO","Alto_desempeno_integral"
"720","E0720",19,"Femenino","Industrial",4,59,167,85,4,12,2,5,6,17180,"Baja","Presencial","Ninguna","NO","Publico",40,"Bueno","SI","NO","Jugador_digital"
"721","E0721",18,"Masculino","Administracion",2,83,73,76,10,2,6,7,0,20555,"Baja","Virtual","Voluntariado","NO","Auto",10,"Bueno","SI","SI","Academico_moderado"
"722","E0722",23,"Masculino","Sistemas",7,82,252,75,10,3,6,6,33,20910,"Media","Presencial","Ninguna","SI","Auto",50,"Regular","SI","SI","Trabaja_y_estudia"
"723","E0723",20,"Femenino","Electronica",4,83,109,87,10,22,3,7,10,9349,"Media","Hibrida","Ninguna","SI","Auto",38,"Bueno","SI","NO","Jugador_digital"
"724","E0724",24,"Femenino","Industrial",8,66,313,85,3,4,2,7,11,14254,"Baja","Presencial","Ninguna","SI","Publico",37,"Regular","NO","NO","Trabaja_y_estudia"
"725","E0725",24,"Masculino","Administracion",3,74,124,94,10,9,3,7,14,20190,"Media","Presencial","Deporte","SI","Auto",21,"Regular","NO","SI","Academico_moderado"
"726","E0726",21,"Masculino","Civil",7,72,258,76,10,22,4,6,0,17269,"Alta","Hibrida","Ninguna","SI","Auto",11,"Bueno","SI","SI","Jugador_digital"
"727","E0727",18,"Femenino","Administracion",7,74,253,76,11,10,11,6,11,23576,"Baja","Virtual","Ninguna","NO","Auto",41,"Regular","NO","NO","Academico_moderado"
"728","E0728",24,"Masculino","Administracion",3,66,107,88,3,14,2,7,21,13234,"Baja","Presencial","Ninguna","NO","Publico",22,"Regular","NO","NO","Riesgo_academico"
"729","E0729",18,"Masculino","Administracion",6,66,209,71,0,8,4,6,22,3000,"Baja","Presencial","Ninguna","NO","Auto",54,"Limitado","SI","NO","Riesgo_academico"
"730","E0730",20,"Masculino","Mecatronica",3,72,110,91,4,5,4,6,35,14893,"Media","Hibrida","Ninguna","SI","Bicicleta",35,"Limitado","SI","NO","Trabaja_y_estudia"
"731","E0731",23,"Masculino","Electronica",1,86,36,89,10,0,9,8,0,29298,"Media","Presencial","Deporte","SI","Auto",6,"Bueno","SI","NO","Alto_desempeno_integral"
"732","E0732",22,"Masculino","Sistemas",4,84,129,92,11,4,5,8,16,16592,"Alta","Presencial","Cultural","NO","Publico",48,"Regular","NO","SI","Academico_moderado"
"733","E0733",22,"Femenino","Electronica",2,71,64,71,6,22,3,7,8,21586,"Baja","Virtual","Ninguna","NO","Publico",15,"Bueno","NO","NO","Jugador_digital"
"734","E0734",20,"Femenino","Industrial",3,67,108,75,12,7,4,6,17,20205,"Baja","Presencial","Ninguna","NO","Auto",5,"Limitado","NO","NO","Trabaja_y_estudia"
"735","E0735",22,"Femenino","Civil",2,74,49,76,10,25,2,6,12,21827,"Media","Hibrida","Ninguna","NO","Auto",24,"Regular","NO","SI","Jugador_digital"
"736","E0736",20,"Femenino","Administracion",6,70,220,71,4,20,4,8,0,26287,"Alta","Presencial","Ninguna","NO","Auto",46,"Bueno","SI","NO","Jugador_digital"
"737","E0737",24,"No especifica","Industrial",5,81,196,76,4,25,4,7,1,10416,"Media","Presencial","Ninguna","NO","Auto",22,"Bueno","SI","NO","Jugador_digital"
"738","E0738",19,"Femenino","Administracion",8,72,288,73,7,22,0,4,8,22985,"Media","Virtual","Ninguna","NO","Publico",50,"Bueno","NO","SI","Jugador_digital"
"739","E0739",22,"Masculino","Civil",10,83,376,82,6,25,0,6,2,16113,"Media","Presencial","Ninguna","NO","Auto",21,"Bueno","NO","NO","Jugador_digital"
"740","E0740",22,"Masculino","Civil",3,86,113,95,19,4,14,8,5,17414,"Alta","Presencial","Arte","SI","Caminando",47,"Bueno","SI","SI","Alto_desempeno_integral"
"741","E0741",22,"Femenino","Industrial",3,78,57,84,11,14,2,8,15,20387,"Media","Hibrida","Ninguna","SI","Publico",54,"Regular","NO","SI","Academico_moderado"
"742","E0742",19,"Femenino","Administracion",7,66,226,71,8,0,2,7,28,12543,"Media","Hibrida","Cultural","NO","Auto",61,"Bueno","SI","SI","Trabaja_y_estudia"
"743","E0743",20,"Femenino","Sistemas",3,62,119,56,6,13,1,7,25,5437,"Media","Presencial","Ninguna","NO","Publico",49,"Bueno","SI","NO","Riesgo_academico"
"744","E0744",21,"Femenino","Industrial",6,72,213,74,6,21,1,6,8,8712,"Media","Virtual","Arte","NO","Publico",11,"Regular","NO","SI","Riesgo_academico"
"745","E0745",20,"Masculino","Mecatronica",2,75,96,85,18,11,2,8,4,7667,"Baja","Virtual","Ninguna","NO","Auto",36,"Bueno","NO","NO","Academico_moderado"
"746","E0746",23,"Femenino","Mecatronica",6,76,234,82,15,9,7,8,5,24304,"Media","Hibrida","Ninguna","NO","Auto",43,"Bueno","NO","NO","Academico_moderado"
"747","E0747",22,"Femenino","Administracion",6,83,240,96,15,6,7,9,0,32595,"Alta","Presencial","Cultural","NO","Publico",20,"Regular","NO","SI","Alto_desempeno_integral"
"748","E0748",21,"Masculino","Electronica",8,75,289,72,4,22,3,4,30,12752,"Media","Hibrida","Ninguna","NO","Publico",45,"Bueno","NO","SI","Riesgo_academico"
"749","E0749",23,"Femenino","Administracion",4,72,162,74,4,24,4,6,18,3102,"Baja","Presencial","Ninguna","NO","Auto",37,"Regular","SI","SI","Riesgo_academico"
"750","E0750",20,"Femenino","Sistemas",7,96,245,92,17,8,6,8,6,8393,"Media","Presencial","Deporte","SI","Auto",31,"Bueno","NO","NO","Alto_desempeno_integral"
"751","E0751",18,"Femenino","Sistemas",5,91,201,96,23,7,12,7,10,30980,"Media","Presencial","Ninguna","NO","Bicicleta",26,"Bueno","NO","NO","Alto_desempeno_integral"
"752","E0752",18,"Masculino","Sistemas",7,85,234,95,19,8,4,8,0,9176,"Media","Hibrida","Arte","NO","Publico",27,"Bueno","NO","NO","Alto_desempeno_integral"
"753","E0753",22,"Masculino","Mecatronica",6,81,207,76,10,6,4,6,19,20775,"Alta","Presencial","Ninguna","NO","Caminando",27,"Bueno","SI","SI","Academico_moderado"
"754","E0754",21,"Masculino","Administracion",4,67,134,63,3,23,3,5,22,9260,"Baja","Virtual","Ninguna","NO","Auto",25,"Bueno","SI","NO","Riesgo_academico"
"755","E0755",20,"Masculino","Mecatronica",7,94,252,100,22,6,2,7,0,27792,"Alta","Presencial","Ninguna","NO","Caminando",23,"Bueno","SI","SI","Alto_desempeno_integral"
"756","E0756",19,"Masculino","Sistemas",6,70,234,66,6,20,2,6,28,5937,"Media","Presencial","Ninguna","NO","Publico",49,"Regular","SI","NO","Riesgo_academico"
"757","E0757",23,"Masculino","Sistemas",5,63,163,66,4,19,0,6,10,18067,"Baja","Hibrida","Ninguna","NO","Auto",40,"Bueno","NO","SI","Riesgo_academico"
"758","E0758",21,"Femenino","Civil",6,75,221,87,8,6,1,5,18,18868,"Media","Presencial","Ninguna","NO","Publico",27,"Regular","SI","SI","Academico_moderado"
"759","E0759",21,"Femenino","Industrial",8,63,295,69,1,14,0,6,20,8894,"Media","Presencial","Ninguna","NO","Auto",38,"Bueno","NO","NO","Riesgo_academico"
"760","E0760",21,"Masculino","Electronica",7,77,228,81,8,21,1,7,0,13327,"Baja","Presencial","Ninguna","NO","Publico",26,"Regular","NO","NO","Jugador_digital"
"761","E0761",23,"Femenino","Administracion",6,76,186,77,10,28,1,4,0,11991,"Media","Presencial","Ninguna","NO","Publico",5,"Regular","NO","NO","Jugador_digital"
"762","E0762",21,"Femenino","Mecatronica",1,77,44,79,7,26,1,6,11,17600,"Media","Presencial","Ninguna","NO","Auto",42,"Limitado","NO","NO","Jugador_digital"
"763","E0763",20,"Femenino","Industrial",6,72,223,79,10,5,3,6,24,11449,"Media","Hibrida","Ninguna","SI","Publico",40,"Bueno","SI","SI","Trabaja_y_estudia"
"764","E0764",21,"Femenino","Civil",4,63,124,64,10,11,2,6,29,9027,"Baja","Hibrida","Ninguna","NO","Publico",21,"Bueno","SI","SI","Riesgo_academico"
"765","E0765",22,"Femenino","Sistemas",5,81,173,79,10,18,3,7,3,20089,"Baja","Presencial","Ninguna","NO","Auto",6,"Bueno","NO","SI","Jugador_digital"
"766","E0766",23,"Femenino","Industrial",7,91,270,98,15,4,9,8,7,12772,"Media","Hibrida","Deporte","SI","Caminando",22,"Bueno","NO","NO","Alto_desempeno_integral"
"767","E0767",26,"Femenino","Mecatronica",2,84,63,79,11,26,0,7,11,10633,"Alta","Presencial","Ninguna","NO","Bicicleta",20,"Bueno","NO","NO","Jugador_digital"
"768","E0768",18,"Femenino","Administracion",5,95,211,97,9,8,8,6,0,16925,"Baja","Hibrida","Deporte","NO","Publico",68,"Bueno","NO","SI","Alto_desempeno_integral"
"769","E0769",18,"Masculino","Mecatronica",4,78,160,71,11,29,0,6,4,18630,"Media","Presencial","Ninguna","NO","Bicicleta",17,"Bueno","SI","NO","Jugador_digital"
"770","E0770",18,"Femenino","Mecatronica",4,77,156,79,10,14,2,7,11,24389,"Baja","Virtual","Deporte","NO","Publico",25,"Regular","NO","SI","Academico_moderado"
"771","E0771",18,"Masculino","Sistemas",7,70,253,72,11,12,0,6,5,16830,"Media","Virtual","Voluntariado","NO","Publico",44,"Bueno","NO","NO","Academico_moderado"
"772","E0772",21,"Femenino","Mecatronica",6,77,223,62,3,8,6,5,22,18019,"Media","Presencial","Ninguna","NO","Publico",25,"Bueno","SI","SI","Trabaja_y_estudia"
"773","E0773",19,"Femenino","Administracion",5,79,199,80,11,8,0,7,0,19224,"Alta","Presencial","Ninguna","NO","Publico",34,"Limitado","SI","NO","Academico_moderado"
"774","E0774",22,"Masculino","Industrial",4,78,153,86,10,0,6,7,1,12989,"Alta","Virtual","Voluntariado","NO","Publico",36,"Regular","SI","NO","Academico_moderado"
"775","E0775",19,"Masculino","Administracion",4,68,116,69,8,3,4,6,32,12239,"Media","Presencial","Ninguna","NO","Publico",56,"Limitado","NO","SI","Trabaja_y_estudia"
"776","E0776",21,"Masculino","Industrial",5,88,180,75,8,0,2,6,30,16739,"Alta","Presencial","Deporte","NO","Caminando",48,"Bueno","SI","NO","Trabaja_y_estudia"
"777","E0777",21,"Masculino","Sistemas",4,86,139,84,8,8,1,5,2,18593,"Media","Presencial","Arte","NO","Publico",16,"Limitado","NO","NO","Academico_moderado"
"778","E0778",21,"Femenino","Sistemas",4,73,152,89,6,22,5,7,6,21869,"Baja","Hibrida","Arte","NO","Caminando",50,"Bueno","SI","SI","Jugador_digital"
"779","E0779",20,"Femenino","Industrial",7,78,280,84,13,8,4,7,18,27784,"Alta","Hibrida","Ninguna","NO","Bicicleta",38,"Bueno","NO","SI","Academico_moderado"
"780","E0780",23,"Femenino","Sistemas",4,81,133,70,5,8,2,6,25,6857,"Alta","Presencial","Ninguna","NO","Publico",21,"Regular","NO","NO","Trabaja_y_estudia"
"781","E0781",20,"Masculino","Industrial",9,89,335,79,10,22,5,7,0,25319,"Baja","Hibrida","Ninguna","NO","Publico",14,"Bueno","SI","NO","Jugador_digital"
"782","E0782",26,"Femenino","Mecatronica",4,81,164,72,4,28,3,6,0,25930,"Media","Presencial","Ninguna","NO","Publico",31,"Regular","NO","SI","Jugador_digital"
"783","E0783",21,"Masculino","Electronica",5,57,201,68,3,17,0,5,24,6728,"Baja","Presencial","Ninguna","NO","Auto",65,"Bueno","NO","NO","Riesgo_academico"
"784","E0784",21,"Masculino","Civil",8,79,308,95,5,11,1,7,0,26055,"Media","Presencial","Cultural","NO","Auto",26,"Bueno","SI","NO","Academico_moderado"
"785","E0785",24,"Masculino","Administracion",5,70,193,68,0,12,4,8,29,9546,"Baja","Hibrida","Ninguna","NO","Auto",15,"Limitado","NO","NO","Riesgo_academico"
"786","E0786",22,"Femenino","Sistemas",3,96,129,94,15,0,8,9,3,15895,"Media","Presencial","Voluntariado","SI","Auto",5,"Bueno","NO","NO","Alto_desempeno_integral"
"787","E0787",18,"Femenino","Sistemas",6,91,229,94,14,2,6,7,5,24734,"Media","Hibrida","Voluntariado","NO","Auto",7,"Bueno","NO","NO","Alto_desempeno_integral"
"788","E0788",18,"Masculino","Electronica",5,94,191,90,12,2,6,8,13,23146,"Alta","Presencial","Ninguna","NO","Auto",33,"Limitado","SI","NO","Alto_desempeno_integral"
"789","E0789",18,"Femenino","Mecatronica",5,89,187,85,17,7,8,8,3,32834,"Baja","Presencial","Cultural","NO","Publico",45,"Bueno","NO","SI","Alto_desempeno_integral"
"790","E0790",22,"Masculino","Sistemas",3,86,82,98,18,9,5,8,4,22480,"Baja","Virtual","Arte","SI","Auto",59,"Regular","NO","SI","Alto_desempeno_integral"
"791","E0791",24,"Masculino","Sistemas",5,72,165,84,14,7,3,8,6,26016,"Baja","Hibrida","Deporte","SI","Publico",27,"Regular","NO","SI","Academico_moderado"
"792","E0792",18,"Femenino","Mecatronica",5,76,168,76,10,4,3,5,27,16340,"Media","Hibrida","Deporte","NO","Caminando",30,"Regular","SI","SI","Trabaja_y_estudia"
"793","E0793",22,"Masculino","Electronica",4,76,126,74,12,6,1,7,42,18954,"Baja","Presencial","Ninguna","NO","Auto",31,"Limitado","NO","NO","Trabaja_y_estudia"
"794","E0794",18,"Masculino","Sistemas",5,72,196,79,11,8,2,4,17,12950,"Baja","Presencial","Ninguna","NO","Publico",70,"Regular","NO","NO","Trabaja_y_estudia"
"795","E0795",21,"Masculino","Sistemas",6,70,205,83,4,18,3,7,5,11417,"Baja","Presencial","Ninguna","NO","Publico",60,"Limitado","NO","SI","Jugador_digital"
"796","E0796",23,"Masculino","Mecatronica",6,78,240,84,12,19,0,7,9,21608,"Media","Presencial","Ninguna","NO","Auto",17,"Regular","NO","NO","Jugador_digital"
"797","E0797",24,"Masculino","Mecatronica",3,74,94,75,4,2,3,7,30,3000,"Media","Hibrida","Arte","NO","Publico",44,"Bueno","SI","SI","Trabaja_y_estudia"
"798","E0798",21,"Masculino","Administracion",6,82,224,76,11,8,6,6,34,15233,"Media","Presencial","Ninguna","NO","Publico",18,"Regular","NO","SI","Trabaja_y_estudia"
"799","E0799",21,"Masculino","Sistemas",6,76,226,64,7,34,1,8,4,17745,"Baja","Hibrida","Ninguna","NO","Publico",57,"Bueno","NO","NO","Jugador_digital"
"800","E0800",23,"Femenino","Sistemas",5,77,165,75,13,6,3,8,24,14902,"Baja","Hibrida","Deporte","NO","Publico",51,"Bueno","NO","SI","Trabaja_y_estudia"
"801","E0801",21,"Masculino","Industrial",3,70,119,81,6,7,4,8,8,15119,"Baja","Presencial","Ninguna","NO","Bicicleta",54,"Regular","NO","NO","Jugador_digital"
"802","E0802",22,"Masculino","Administracion",7,76,280,74,7,11,0,6,6,15490,"Media","Presencial","Ninguna","NO","Auto",28,"Bueno","NO","SI","Academico_moderado"
"803","E0803",22,"Masculino","Administracion",3,73,125,77,2,8,3,6,26,11058,"Baja","Presencial","Ninguna","NO","Caminando",67,"Limitado","SI","SI","Trabaja_y_estudia"
"804","E0804",19,"Femenino","Administracion",5,80,185,86,6,20,2,6,12,6375,"Media","Hibrida","Ninguna","NO","Publico",24,"Bueno","SI","NO","Jugador_digital"
"805","E0805",23,"Masculino","Civil",4,65,151,86,6,24,3,6,2,20332,"Media","Presencial","Ninguna","NO","Auto",49,"Bueno","NO","NO","Jugador_digital"
"806","E0806",24,"Masculino","Electronica",7,74,281,85,8,2,4,6,0,13080,"Media","Hibrida","Ninguna","NO","Publico",40,"Regular","NO","SI","Academico_moderado"
"807","E0807",23,"Masculino","Mecatronica",7,78,277,81,8,25,3,5,11,26436,"Media","Presencial","Ninguna","NO","Publico",46,"Bueno","NO","NO","Jugador_digital"
"808","E0808",22,"Femenino","Industrial",5,58,205,63,6,10,2,5,18,9131,"Baja","Hibrida","Ninguna","NO","Caminando",45,"Regular","NO","SI","Riesgo_academico"
"809","E0809",22,"Femenino","Civil",6,71,216,84,10,6,0,6,18,16614,"Baja","Presencial","Ninguna","NO","Publico",23,"Regular","NO","SI","Trabaja_y_estudia"
"810","E0810",22,"Femenino","Administracion",4,73,154,79,7,14,2,6,6,20120,"Media","Hibrida","Ninguna","NO","Publico",24,"Regular","NO","NO","Jugador_digital"
"811","E0811",18,"Masculino","Sistemas",5,72,191,78,7,4,3,6,29,17675,"Baja","Virtual","Ninguna","NO","Caminando",81,"Bueno","NO","SI","Trabaja_y_estudia"
"812","E0812",20,"Femenino","Electronica",4,80,120,74,8,5,3,6,31,20537,"Media","Presencial","Ninguna","NO","Auto",24,"Regular","NO","SI","Trabaja_y_estudia"
"813","E0813",20,"Masculino","Mecatronica",4,73,150,72,15,3,0,7,5,20830,"Baja","Presencial","Ninguna","NO","Caminando",56,"Bueno","SI","SI","Academico_moderado"
"814","E0814",18,"Masculino","Sistemas",6,76,206,83,6,4,2,7,15,23527,"Media","Presencial","Deporte","SI","Publico",29,"Bueno","NO","NO","Academico_moderado"
"815","E0815",21,"Femenino","Industrial",2,81,51,91,8,8,2,5,26,17724,"Baja","Presencial","Voluntariado","NO","Auto",43,"Regular","NO","SI","Trabaja_y_estudia"
"816","E0816",20,"Femenino","Industrial",2,93,84,92,14,4,7,7,0,3000,"Media","Presencial","Arte","SI","Publico",34,"Bueno","NO","SI","Alto_desempeno_integral"
"817","E0817",20,"Masculino","Industrial",2,84,109,86,11,12,4,6,7,15774,"Media","Presencial","Deporte","NO","Publico",44,"Bueno","SI","NO","Academico_moderado"
"818","E0818",20,"Femenino","Industrial",7,62,226,71,2,13,4,8,10,11831,"Media","Hibrida","Ninguna","SI","Auto",33,"Limitado","SI","NO","Riesgo_academico"
"819","E0819",20,"Masculino","Mecatronica",3,69,109,68,4,18,2,5,1,24186,"Media","Presencial","Deporte","SI","Publico",25,"Bueno","NO","NO","Jugador_digital"
"820","E0820",26,"Masculino","Sistemas",6,73,211,87,11,4,6,8,7,18635,"Baja","Presencial","Ninguna","NO","Caminando",6,"Bueno","NO","NO","Academico_moderado"
"821","E0821",18,"Masculino","Administracion",4,90,164,99,17,2,8,7,0,17705,"Media","Presencial","Voluntariado","NO","Publico",19,"Bueno","NO","NO","Alto_desempeno_integral"
"822","E0822",24,"No especifica","Electronica",7,73,251,95,10,8,0,7,0,18632,"Media","Presencial","Ninguna","NO","Publico",51,"Bueno","NO","NO","Academico_moderado"
"823","E0823",23,"Femenino","Electronica",8,82,267,81,8,15,4,6,18,29958,"Baja","Hibrida","Deporte","NO","Publico",26,"Bueno","NO","SI","Academico_moderado"
"824","E0824",19,"Masculino","Mecatronica",3,65,91,81,10,11,1,6,14,16049,"Baja","Virtual","Ninguna","NO","Bicicleta",18,"Bueno","NO","SI","Riesgo_academico"
"825","E0825",22,"Masculino","Industrial",3,58,117,64,6,18,3,6,4,13988,"Media","Presencial","Voluntariado","NO","Publico",19,"Regular","NO","SI","Riesgo_academico"
"826","E0826",20,"Masculino","Industrial",4,72,160,84,8,16,0,4,6,6584,"Alta","Hibrida","Deporte","SI","Bicicleta",63,"Bueno","SI","NO","Jugador_digital"
"827","E0827",26,"Masculino","Administracion",7,71,234,78,7,17,2,6,0,18415,"Media","Presencial","Ninguna","NO","Publico",23,"Bueno","NO","NO","Jugador_digital"
"828","E0828",21,"Masculino","Mecatronica",5,88,193,92,11,5,5,7,8,17785,"Alta","Presencial","Deporte","NO","Publico",45,"Regular","NO","SI","Alto_desempeno_integral"
"829","E0829",22,"Masculino","Industrial",6,80,235,81,14,6,0,5,0,16084,"Baja","Virtual","Ninguna","NO","Caminando",60,"Bueno","SI","SI","Academico_moderado"
"830","E0830",20,"Masculino","Electronica",7,76,258,67,5,4,5,7,30,16751,"Media","Presencial","Ninguna","NO","Caminando",39,"Regular","NO","SI","Trabaja_y_estudia"
"831","E0831",19,"Femenino","Civil",4,93,147,89,21,9,6,9,4,21616,"Baja","Hibrida","Deporte","SI","Caminando",48,"Bueno","SI","NO","Alto_desempeno_integral"
"832","E0832",21,"Masculino","Industrial",8,89,285,91,12,0,3,8,4,16051,"Alta","Virtual","Ninguna","NO","Publico",14,"Bueno","SI","NO","Alto_desempeno_integral"
"833","E0833",20,"Masculino","Industrial",5,69,183,86,10,27,1,4,15,24101,"Baja","Presencial","Cultural","SI","Bicicleta",23,"Bueno","SI","NO","Jugador_digital"
"834","E0834",22,"Masculino","Electronica",2,82,56,83,10,22,1,6,6,9518,"Media","Virtual","Voluntariado","NO","Publico",19,"Bueno","NO","SI","Jugador_digital"
"835","E0835",24,"Masculino","Sistemas",3,61,136,69,5,18,1,4,11,11066,"Baja","Presencial","Ninguna","NO","Publico",40,"Regular","NO","NO","Riesgo_academico"
"836","E0836",24,"Masculino","Industrial",3,67,107,88,8,6,4,5,10,24447,"Baja","Presencial","Ninguna","NO","Publico",39,"Regular","SI","NO","Academico_moderado"
"837","E0837",21,"Femenino","Administracion",5,63,170,74,4,14,0,6,31,10515,"Baja","Hibrida","Ninguna","NO","Bicicleta",43,"Bueno","SI","SI","Riesgo_academico"
"838","E0838",20,"Masculino","Sistemas",5,77,173,78,8,19,5,6,11,18160,"Media","Hibrida","Cultural","NO","Publico",62,"Bueno","NO","NO","Jugador_digital"
"839","E0839",19,"Femenino","Mecatronica",6,85,229,90,9,12,0,8,0,17803,"Baja","Presencial","Arte","NO","Auto",37,"Bueno","SI","NO","Academico_moderado"
"840","E0840",22,"Femenino","Sistemas",8,90,316,98,19,6,10,7,0,23626,"Media","Presencial","Cultural","NO","Caminando",5,"Bueno","NO","SI","Alto_desempeno_integral"
"841","E0841",20,"Femenino","Administracion",3,97,100,96,15,6,10,6,3,16560,"Alta","Presencial","Ninguna","NO","Auto",35,"Regular","NO","NO","Alto_desempeno_integral"
"842","E0842",24,"Masculino","Industrial",3,71,92,75,10,20,5,7,3,28690,"Baja","Presencial","Ninguna","NO","Publico",5,"Regular","SI","SI","Jugador_digital"
"843","E0843",18,"Masculino","Electronica",2,74,49,80,7,4,1,6,40,23720,"Media","Hibrida","Ninguna","NO","Publico",17,"Bueno","SI","SI","Trabaja_y_estudia"
"844","E0844",18,"Femenino","Industrial",6,84,215,85,10,11,6,6,0,25802,"Media","Hibrida","Voluntariado","NO","Bicicleta",35,"Bueno","NO","NO","Academico_moderado"
"845","E0845",21,"Femenino","Industrial",7,76,275,77,8,30,1,6,0,19997,"Baja","Presencial","Ninguna","NO","Publico",23,"Bueno","NO","SI","Jugador_digital"
"846","E0846",22,"Masculino","Administracion",4,78,163,91,11,4,5,7,11,24527,"Media","Hibrida","Ninguna","NO","Auto",10,"Bueno","NO","NO","Academico_moderado"
"847","E0847",19,"Femenino","Industrial",3,73,101,83,6,2,7,6,12,9349,"Alta","Presencial","Deporte","NO","Publico",48,"Regular","NO","SI","Academico_moderado"
"848","E0848",18,"Femenino","Administracion",2,70,97,58,2,18,0,6,9,9472,"Baja","Hibrida","Ninguna","NO","Auto",66,"Limitado","NO","NO","Riesgo_academico"
"849","E0849",18,"Masculino","Administracion",5,92,185,95,19,6,8,6,2,19800,"Media","Presencial","Deporte","SI","Auto",23,"Bueno","SI","SI","Alto_desempeno_integral"
"850","E0850",26,"Masculino","Sistemas",3,71,106,91,12,6,1,6,10,27153,"Baja","Virtual","Ninguna","NO","Caminando",60,"Regular","SI","NO","Academico_moderado"
"851","E0851",21,"Femenino","Industrial",7,78,252,86,11,4,5,8,2,18392,"Media","Virtual","Ninguna","NO","Caminando",13,"Regular","NO","NO","Academico_moderado"
"852","E0852",22,"Masculino","Industrial",4,70,165,71,3,9,4,5,15,13917,"Baja","Presencial","Ninguna","SI","Publico",59,"Bueno","NO","SI","Riesgo_academico"
"853","E0853",18,"Femenino","Sistemas",4,66,146,65,7,24,2,7,12,10673,"Baja","Hibrida","Ninguna","NO","Auto",39,"Regular","SI","SI","Riesgo_academico"
"854","E0854",24,"Femenino","Sistemas",5,80,211,81,10,4,1,7,4,22211,"Baja","Presencial","Deporte","NO","Auto",5,"Limitado","NO","NO","Academico_moderado"
"855","E0855",22,"Masculino","Civil",6,75,216,76,10,2,6,6,4,17924,"Alta","Hibrida","Ninguna","NO","Publico",5,"Regular","NO","SI","Academico_moderado"
"856","E0856",23,"Femenino","Electronica",5,90,170,95,18,9,2,6,7,25641,"Baja","Presencial","Cultural","NO","Publico",30,"Bueno","NO","NO","Alto_desempeno_integral"
"857","E0857",18,"Masculino","Civil",4,96,160,91,23,6,5,7,0,25255,"Media","Hibrida","Deporte","SI","Publico",25,"Bueno","NO","NO","Alto_desempeno_integral"
"858","E0858",20,"Femenino","Sistemas",2,90,66,95,8,9,7,8,0,11335,"Media","Hibrida","Voluntariado","SI","Auto",15,"Regular","NO","SI","Alto_desempeno_integral"
"859","E0859",19,"Femenino","Mecatronica",7,85,243,76,10,9,3,6,12,12422,"Media","Presencial","Voluntariado","NO","Publico",25,"Bueno","NO","NO","Academico_moderado"
"860","E0860",20,"Masculino","Administracion",5,97,215,91,19,7,7,8,2,8520,"Media","Virtual","Ninguna","NO","Caminando",31,"Bueno","NO","SI","Alto_desempeno_integral"
"861","E0861",23,"Masculino","Sistemas",1,75,10,73,4,3,1,7,30,7370,"Baja","Virtual","Ninguna","NO","Caminando",35,"Bueno","SI","NO","Trabaja_y_estudia"
"862","E0862",22,"Femenino","Administracion",1,88,25,92,14,13,4,7,2,18048,"Media","Presencial","Cultural","NO","Publico",19,"Bueno","NO","NO","Alto_desempeno_integral"
"863","E0863",18,"Masculino","Industrial",7,75,241,77,13,12,5,5,36,14431,"Baja","Presencial","Ninguna","NO","Caminando",26,"Regular","SI","NO","Trabaja_y_estudia"
"864","E0864",21,"Femenino","Administracion",4,59,156,99,14,22,0,8,7,19685,"Media","Presencial","Ninguna","NO","Publico",39,"Bueno","NO","NO","Jugador_digital"
"865","E0865",23,"No especifica","Administracion",6,87,222,77,6,7,4,6,10,13255,"Media","Hibrida","Ninguna","NO","Auto",5,"Limitado","NO","NO","Academico_moderado"
"866","E0866",23,"Femenino","Mecatronica",6,81,200,78,5,5,2,7,25,13663,"Media","Presencial","Deporte","NO","Publico",58,"Regular","NO","SI","Trabaja_y_estudia"
"867","E0867",20,"Femenino","Industrial",4,80,119,92,14,15,5,6,17,17235,"Media","Hibrida","Arte","NO","Caminando",19,"Bueno","NO","NO","Academico_moderado"
"868","E0868",22,"Femenino","Electronica",4,62,184,60,4,18,0,6,6,5480,"Media","Hibrida","Ninguna","NO","Publico",42,"Bueno","SI","SI","Riesgo_academico"
"869","E0869",24,"Femenino","Civil",6,94,239,94,16,5,6,6,5,13184,"Media","Presencial","Voluntariado","NO","Publico",49,"Regular","NO","NO","Alto_desempeno_integral"
"870","E0870",21,"Masculino","Mecatronica",7,76,290,82,9,2,3,6,5,15297,"Media","Presencial","Ninguna","SI","Publico",37,"Regular","NO","NO","Academico_moderado"
"871","E0871",18,"Femenino","Civil",7,73,245,87,14,9,7,6,2,22888,"Alta","Presencial","Voluntariado","NO","Auto",12,"Regular","NO","NO","Academico_moderado"
"872","E0872",22,"Masculino","Civil",8,70,301,83,9,21,3,7,5,11066,"Baja","Presencial","Voluntariado","NO","Publico",58,"Bueno","NO","NO","Jugador_digital"
"873","E0873",20,"Masculino","Sistemas",9,61,346,66,4,10,2,5,22,8878,"Baja","Hibrida","Ninguna","SI","Publico",13,"Regular","NO","SI","Riesgo_academico"
"874","E0874",24,"Masculino","Administracion",4,83,143,87,13,9,5,7,5,3000,"Alta","Hibrida","Ninguna","NO","Auto",28,"Bueno","NO","NO","Academico_moderado"
"875","E0875",24,"Masculino","Electronica",6,84,210,89,24,0,3,8,5,30478,"Alta","Hibrida","Voluntariado","NO","Bicicleta",50,"Regular","NO","NO","Alto_desempeno_integral"
"876","E0876",25,"Femenino","Administracion",9,75,336,78,10,13,1,5,12,19992,"Media","Presencial","Cultural","NO","Caminando",18,"Regular","SI","SI","Jugador_digital"
"877","E0877",22,"Masculino","Civil",5,80,211,74,5,11,3,7,28,22306,"Media","Presencial","Arte","NO","Publico",8,"Regular","SI","NO","Trabaja_y_estudia"
"878","E0878",22,"Masculino","Industrial",6,69,250,69,2,16,0,6,0,18807,"Baja","Presencial","Ninguna","NO","Caminando",37,"Bueno","SI","NO","Jugador_digital"
"879","E0879",22,"Masculino","Administracion",7,73,292,69,7,3,2,5,32,13202,"Media","Hibrida","Ninguna","NO","Auto",49,"Bueno","NO","SI","Trabaja_y_estudia"
"880","E0880",21,"Masculino","Industrial",7,91,269,91,9,3,8,6,4,11182,"Media","Hibrida","Cultural","SI","Auto",34,"Bueno","SI","NO","Alto_desempeno_integral"
"881","E0881",22,"Masculino","Sistemas",3,86,120,81,12,0,2,7,3,24095,"Media","Presencial","Ninguna","NO","Auto",37,"Regular","NO","NO","Academico_moderado"
"882","E0882",24,"Femenino","Mecatronica",5,72,199,88,14,12,4,5,12,15958,"Media","Hibrida","Deporte","NO","Caminando",54,"Bueno","NO","NO","Academico_moderado"
"883","E0883",22,"Masculino","Industrial",3,77,145,72,5,9,2,5,5,6642,"Media","Presencial","Ninguna","NO","Auto",61,"Bueno","NO","SI","Jugador_digital"
"884","E0884",24,"Femenino","Administracion",6,70,197,47,3,12,3,4,14,11307,"Baja","Hibrida","Ninguna","NO","Auto",53,"Limitado","NO","SI","Riesgo_academico"
"885","E0885",22,"Masculino","Administracion",7,86,296,85,15,15,7,8,25,16602,"Media","Hibrida","Cultural","SI","Publico",6,"Bueno","NO","NO","Academico_moderado"
"886","E0886",22,"Femenino","Administracion",9,80,313,81,15,12,5,6,12,19630,"Media","Presencial","Deporte","SI","Auto",23,"Bueno","NO","NO","Academico_moderado"
"887","E0887",21,"Masculino","Mecatronica",6,92,208,86,23,2,8,7,4,21803,"Baja","Hibrida","Voluntariado","SI","Auto",8,"Regular","NO","SI","Alto_desempeno_integral"
"888","E0888",22,"Masculino","Mecatronica",10,79,380,78,11,14,3,6,0,16949,"Baja","Presencial","Voluntariado","SI","Publico",69,"Bueno","SI","NO","Academico_moderado"
"889","E0889",19,"Masculino","Mecatronica",4,87,124,86,8,4,5,6,17,18825,"Baja","Presencial","Ninguna","NO","Auto",47,"Limitado","NO","NO","Trabaja_y_estudia"
"890","E0890",21,"Femenino","Civil",9,78,326,72,8,10,2,6,12,9405,"Baja","Presencial","Ninguna","NO","Auto",25,"Regular","NO","NO","Trabaja_y_estudia"
"891","E0891",20,"Femenino","Industrial",8,84,301,100,22,6,4,8,4,14496,"Alta","Presencial","Arte","NO","Auto",29,"Bueno","SI","SI","Alto_desempeno_integral"
"892","E0892",24,"Femenino","Administracion",3,78,117,88,7,3,4,7,9,8569,"Media","Hibrida","Ninguna","NO","Auto",32,"Regular","NO","NO","Academico_moderado"
"893","E0893",21,"No especifica","Mecatronica",8,82,319,82,8,6,4,6,33,26397,"Baja","Presencial","Ninguna","NO","Caminando",27,"Regular","SI","SI","Trabaja_y_estudia"
"894","E0894",25,"Masculino","Mecatronica",3,68,95,72,11,2,3,6,24,15595,"Alta","Presencial","Ninguna","NO","Auto",45,"Regular","SI","NO","Trabaja_y_estudia"
"895","E0895",19,"Masculino","Sistemas",9,57,319,74,2,22,1,6,2,7880,"Baja","Presencial","Ninguna","NO","Publico",23,"Regular","SI","NO","Riesgo_academico"
"896","E0896",21,"Masculino","Mecatronica",5,73,211,82,6,28,1,5,0,5122,"Alta","Presencial","Ninguna","NO","Caminando",34,"Bueno","NO","NO","Jugador_digital"
"897","E0897",19,"Femenino","Mecatronica",7,74,246,82,6,18,1,7,0,12171,"Media","Presencial","Ninguna","SI","Caminando",30,"Limitado","SI","NO","Jugador_digital"
"898","E0898",20,"Masculino","Electronica",3,71,124,85,5,34,1,9,7,19874,"Baja","Hibrida","Ninguna","NO","Auto",65,"Bueno","SI","NO","Jugador_digital"
"899","E0899",21,"Masculino","Mecatronica",4,72,162,85,10,28,0,5,13,7203,"Alta","Presencial","Deporte","SI","Publico",21,"Bueno","NO","NO","Jugador_digital"
"900","E0900",18,"Femenino","Sistemas",4,59,113,54,1,26,1,5,4,11538,"Media","Presencial","Ninguna","NO","Bicicleta",64,"Limitado","NO","SI","Riesgo_academico"
"901","E0901",21,"Femenino","Mecatronica",7,78,242,91,10,7,12,6,6,30253,"Baja","Presencial","Ninguna","NO","Caminando",64,"Bueno","SI","SI","Academico_moderado"
"902","E0902",21,"Masculino","Industrial",4,79,150,76,9,0,4,7,8,18684,"Alta","Presencial","Voluntariado","NO","Publico",45,"Regular","NO","NO","Academico_moderado"
"903","E0903",21,"Femenino","Industrial",2,93,57,100,18,3,7,8,1,10839,"Alta","Hibrida","Cultural","SI","Auto",26,"Bueno","NO","SI","Alto_desempeno_integral"
"904","E0904",22,"Femenino","Mecatronica",3,74,73,80,10,4,4,8,12,22444,"Media","Virtual","Voluntariado","NO","Auto",51,"Limitado","NO","NO","Academico_moderado"
"905","E0905",21,"Femenino","Electronica",5,79,180,74,7,6,2,6,32,20504,"Media","Presencial","Ninguna","NO","Bicicleta",30,"Regular","NO","NO","Trabaja_y_estudia"
"906","E0906",22,"Femenino","Administracion",4,86,156,100,14,0,5,8,0,25617,"Baja","Presencial","Arte","NO","Auto",55,"Bueno","NO","NO","Alto_desempeno_integral"
"907","E0907",20,"Femenino","Administracion",4,60,154,68,3,25,0,6,13,11126,"Media","Presencial","Ninguna","NO","Publico",55,"Limitado","SI","SI","Riesgo_academico"
"908","E0908",24,"Femenino","Civil",8,85,307,83,10,15,0,7,7,8213,"Media","Hibrida","Ninguna","NO","Publico",77,"Regular","NO","NO","Academico_moderado"
"909","E0909",20,"Femenino","Administracion",5,64,207,65,5,6,1,6,8,4397,"Baja","Presencial","Ninguna","NO","Auto",42,"Bueno","NO","NO","Riesgo_academico"
"910","E0910",27,"Masculino","Sistemas",4,65,176,97,13,2,0,5,23,12688,"Baja","Presencial","Ninguna","NO","Bicicleta",6,"Regular","SI","NO","Trabaja_y_estudia"
"911","E0911",20,"Masculino","Sistemas",6,81,244,76,12,4,4,7,37,14182,"Baja","Presencial","Ninguna","NO","Auto",71,"Bueno","NO","SI","Trabaja_y_estudia"
"912","E0912",25,"Femenino","Mecatronica",3,76,134,84,12,12,5,7,6,7493,"Baja","Presencial","Ninguna","NO","Caminando",60,"Bueno","SI","NO","Academico_moderado"
"913","E0913",19,"Femenino","Electronica",4,72,142,75,5,5,6,4,34,10968,"Baja","Presencial","Cultural","NO","Publico",11,"Regular","NO","SI","Trabaja_y_estudia"
"914","E0914",20,"Femenino","Mecatronica",7,94,252,92,19,10,2,8,4,16474,"Media","Presencial","Arte","SI","Publico",57,"Bueno","NO","NO","Alto_desempeno_integral"
"915","E0915",18,"Masculino","Electronica",3,85,103,85,10,7,4,6,14,15821,"Media","Presencial","Cultural","NO","Bicicleta",34,"Regular","SI","SI","Trabaja_y_estudia"
"916","E0916",21,"Femenino","Administracion",4,66,143,60,5,8,2,5,7,14471,"Media","Presencial","Arte","NO","Auto",63,"Bueno","SI","NO","Riesgo_academico"
"917","E0917",21,"Femenino","Administracion",7,79,272,91,12,5,7,8,11,16691,"Media","Virtual","Arte","NO","Publico",49,"Bueno","SI","NO","Academico_moderado"
"918","E0918",18,"Femenino","Industrial",4,81,159,71,9,29,2,6,0,7577,"Media","Presencial","Ninguna","SI","Auto",25,"Bueno","SI","NO","Jugador_digital"
"919","E0919",19,"Femenino","Electronica",4,82,120,72,10,10,0,6,47,14595,"Media","Presencial","Voluntariado","NO","Caminando",42,"Bueno","NO","SI","Trabaja_y_estudia"
"920","E0920",22,"Femenino","Mecatronica",6,81,244,70,4,8,2,7,3,20441,"Media","Presencial","Deporte","SI","Caminando",31,"Bueno","NO","NO","Academico_moderado"
"921","E0921",24,"Masculino","Mecatronica",4,76,190,78,8,6,0,7,21,11889,"Baja","Presencial","Ninguna","SI","Publico",9,"Limitado","NO","SI","Trabaja_y_estudia"
"922","E0922",18,"Femenino","Electronica",4,76,159,75,6,11,0,5,36,24372,"Baja","Presencial","Ninguna","NO","Caminando",24,"Regular","SI","SI","Trabaja_y_estudia"
"923","E0923",21,"Femenino","Mecatronica",1,64,37,82,10,10,5,6,5,14348,"Alta","Presencial","Voluntariado","NO","Bicicleta",32,"Limitado","NO","SI","Academico_moderado"
"924","E0924",21,"Femenino","Industrial",6,87,260,89,1,21,4,7,4,21248,"Media","Hibrida","Ninguna","NO","Caminando",51,"Bueno","NO","SI","Jugador_digital"
"925","E0925",24,"Femenino","Civil",7,65,264,74,12,7,2,6,30,18185,"Media","Presencial","Arte","NO","Auto",7,"Bueno","SI","NO","Trabaja_y_estudia"
"926","E0926",19,"Femenino","Sistemas",4,92,145,92,13,4,5,7,0,21842,"Media","Virtual","Cultural","NO","Publico",48,"Bueno","NO","SI","Alto_desempeno_integral"
"927","E0927",18,"Masculino","Mecatronica",4,70,134,72,14,4,3,7,14,24706,"Media","Hibrida","Ninguna","NO","Auto",42,"Limitado","NO","SI","Trabaja_y_estudia"
"928","E0928",23,"Femenino","Sistemas",8,71,302,77,8,8,1,5,8,23563,"Baja","Presencial","Deporte","NO","Publico",28,"Limitado","SI","SI","Trabaja_y_estudia"
"929","E0929",21,"Masculino","Electronica",5,92,183,94,18,5,9,8,10,19623,"Media","Presencial","Ninguna","NO","Caminando",39,"Bueno","NO","NO","Alto_desempeno_integral"
"930","E0930",22,"Masculino","Sistemas",5,80,182,74,15,7,12,7,8,28382,"Baja","Hibrida","Deporte","NO","Publico",67,"Bueno","NO","NO","Academico_moderado"
"931","E0931",19,"Femenino","Mecatronica",7,69,298,93,8,2,1,6,17,11325,"Media","Presencial","Deporte","NO","Caminando",33,"Bueno","NO","NO","Trabaja_y_estudia"
"932","E0932",20,"Masculino","Administracion",5,80,176,76,8,9,6,8,7,8401,"Baja","Presencial","Ninguna","NO","Publico",22,"Bueno","SI","NO","Academico_moderado"
"933","E0933",20,"Femenino","Sistemas",5,76,194,66,7,9,7,7,32,13816,"Baja","Hibrida","Ninguna","NO","Bicicleta",6,"Regular","NO","NO","Trabaja_y_estudia"
"934","E0934",18,"Femenino","Administracion",3,87,118,74,6,10,1,6,10,26239,"Media","Presencial","Voluntariado","NO","Caminando",30,"Regular","NO","NO","Academico_moderado"
"935","E0935",23,"Masculino","Industrial",9,72,338,73,5,4,1,7,22,10130,"Baja","Virtual","Cultural","SI","Bicicleta",52,"Regular","NO","SI","Trabaja_y_estudia"
"936","E0936",19,"Femenino","Electronica",7,74,244,97,3,12,4,4,4,8648,"Media","Presencial","Ninguna","NO","Publico",51,"Bueno","NO","NO","Academico_moderado"
"937","E0937",25,"Masculino","Sistemas",7,75,274,81,5,12,2,7,23,22331,"Baja","Hibrida","Ninguna","NO","Publico",41,"Bueno","NO","NO","Academico_moderado"
"938","E0938",24,"Masculino","Sistemas",3,74,107,74,9,6,4,5,39,8090,"Media","Hibrida","Ninguna","NO","Publico",46,"Limitado","SI","NO","Trabaja_y_estudia"
"939","E0939",18,"Femenino","Sistemas",2,80,48,89,12,3,3,5,7,20008,"Media","Hibrida","Deporte","SI","Publico",6,"Bueno","NO","NO","Academico_moderado"
"940","E0940",21,"Femenino","Industrial",5,74,197,79,4,17,5,7,17,12563,"Baja","Presencial","Ninguna","NO","Publico",76,"Bueno","NO","SI","Jugador_digital"
"941","E0941",20,"Masculino","Administracion",7,88,276,98,17,3,5,7,1,28321,"Media","Presencial","Voluntariado","NO","Publico",51,"Bueno","NO","NO","Alto_desempeno_integral"
"942","E0942",20,"Masculino","Sistemas",9,88,333,99,14,4,8,7,10,28875,"Media","Presencial","Deporte","NO","Publico",31,"Regular","NO","SI","Alto_desempeno_integral"
"943","E0943",22,"Femenino","Industrial",4,82,145,81,4,6,3,6,10,7946,"Baja","Presencial","Deporte","SI","Publico",39,"Regular","NO","SI","Trabaja_y_estudia"
"944","E0944",20,"Femenino","Administracion",4,73,181,73,0,24,2,6,13,12692,"Baja","Presencial","Ninguna","NO","Auto",25,"Regular","SI","SI","Riesgo_academico"
"945","E0945",18,"Masculino","Electronica",9,74,322,84,10,4,2,5,2,13868,"Media","Presencial","Ninguna","NO","Caminando",38,"Regular","NO","SI","Academico_moderado"
"946","E0946",23,"Femenino","Sistemas",4,88,130,93,26,3,3,8,0,25130,"Media","Hibrida","Deporte","NO","Auto",50,"Bueno","NO","NO","Alto_desempeno_integral"
"947","E0947",20,"Femenino","Civil",5,80,177,77,1,19,2,8,7,20522,"Media","Presencial","Ninguna","NO","Auto",52,"Regular","SI","NO","Jugador_digital"
"948","E0948",24,"Femenino","Mecatronica",6,62,207,63,5,19,3,6,0,7641,"Media","Virtual","Ninguna","NO","Publico",33,"Regular","SI","NO","Riesgo_academico"
"949","E0949",20,"Masculino","Sistemas",2,61,53,50,2,12,3,4,23,8919,"Media","Presencial","Ninguna","NO","Publico",27,"Bueno","SI","NO","Riesgo_academico"
"950","E0950",21,"Femenino","Industrial",4,79,161,72,15,4,5,6,31,6988,"Baja","Hibrida","Voluntariado","NO","Publico",53,"Bueno","NO","SI","Trabaja_y_estudia"
"951","E0951",24,"Masculino","Mecatronica",6,73,209,78,2,18,2,4,14,8888,"Alta","Hibrida","Ninguna","SI","Caminando",36,"Regular","NO","NO","Riesgo_academico"
"952","E0952",18,"Femenino","Administracion",3,66,118,90,2,29,1,4,11,15153,"Baja","Presencial","Voluntariado","NO","Auto",31,"Bueno","SI","NO","Jugador_digital"
"953","E0953",24,"Masculino","Administracion",5,91,197,98,22,1,12,8,10,23183,"Media","Presencial","Voluntariado","SI","Bicicleta",35,"Bueno","NO","NO","Alto_desempeno_integral"
"954","E0954",23,"Masculino","Administracion",9,66,336,60,2,11,0,6,20,18372,"Media","Virtual","Ninguna","NO","Publico",48,"Limitado","NO","NO","Riesgo_academico"
"955","E0955",21,"Masculino","Administracion",6,93,229,94,18,7,8,9,0,19736,"Alta","Presencial","Arte","SI","Auto",19,"Bueno","NO","SI","Alto_desempeno_integral"
"956","E0956",24,"Femenino","Sistemas",6,84,236,100,17,6,10,7,4,16313,"Media","Presencial","Cultural","SI","Auto",37,"Bueno","NO","NO","Alto_desempeno_integral"
"957","E0957",20,"Masculino","Sistemas",6,85,197,95,12,9,6,6,15,19417,"Baja","Presencial","Ninguna","NO","Publico",45,"Regular","NO","NO","Academico_moderado"
"958","E0958",24,"Masculino","Civil",4,68,115,72,4,17,1,5,13,9723,"Baja","Presencial","Voluntariado","NO","Publico",29,"Bueno","NO","SI","Riesgo_academico"
"959","E0959",22,"Masculino","Civil",6,74,203,77,11,6,4,7,8,19536,"Baja","Virtual","Cultural","NO","Publico",16,"Regular","SI","NO","Academico_moderado"
"960","E0960",22,"Masculino","Industrial",4,81,178,84,12,13,5,5,0,16407,"Media","Hibrida","Arte","NO","Publico",26,"Bueno","NO","SI","Academico_moderado"
"961","E0961",23,"Femenino","Civil",1,72,37,80,6,9,2,8,9,21401,"Baja","Presencial","Deporte","NO","Publico",50,"Regular","NO","NO","Academico_moderado"
"962","E0962",19,"Femenino","Sistemas",6,83,241,76,12,8,4,7,22,24681,"Alta","Presencial","Deporte","NO","Auto",10,"Bueno","NO","NO","Academico_moderado"
"963","E0963",22,"Masculino","Civil",5,75,171,86,9,2,2,7,22,22048,"Media","Presencial","Ninguna","NO","Publico",32,"Bueno","SI","SI","Trabaja_y_estudia"
"964","E0964",21,"Femenino","Civil",8,77,311,83,12,19,3,7,9,4927,"Media","Presencial","Arte","NO","Publico",57,"Regular","SI","NO","Jugador_digital"
"965","E0965",19,"Femenino","Sistemas",3,86,109,99,16,5,10,7,3,28581,"Media","Presencial","Deporte","SI","Publico",49,"Bueno","NO","SI","Alto_desempeno_integral"
"966","E0966",20,"Femenino","Electronica",2,80,96,80,13,8,6,5,14,25603,"Baja","Hibrida","Ninguna","NO","Auto",27,"Regular","SI","SI","Academico_moderado"
"967","E0967",23,"Femenino","Mecatronica",9,72,380,86,7,12,3,8,8,7086,"Media","Hibrida","Ninguna","NO","Auto",37,"Bueno","NO","NO","Academico_moderado"
"968","E0968",23,"Masculino","Industrial",5,69,159,74,11,3,3,8,17,24153,"Media","Virtual","Voluntariado","NO","Caminando",31,"Regular","NO","SI","Trabaja_y_estudia"
"969","E0969",24,"Masculino","Electronica",2,71,54,54,3,15,1,6,7,8997,"Baja","Virtual","Ninguna","NO","Auto",55,"Regular","NO","NO","Riesgo_academico"
"970","E0970",19,"Femenino","Industrial",3,69,81,75,10,14,1,5,10,16886,"Baja","Presencial","Ninguna","NO","Publico",21,"Regular","SI","NO","Jugador_digital"
"971","E0971",20,"Femenino","Industrial",6,72,235,79,10,2,6,7,6,16845,"Baja","Virtual","Arte","NO","Publico",47,"Bueno","NO","NO","Academico_moderado"
"972","E0972",23,"Femenino","Sistemas",4,68,165,52,4,23,3,6,0,16360,"Media","Virtual","Voluntariado","NO","Publico",42,"Bueno","NO","NO","Riesgo_academico"
"973","E0973",21,"Femenino","Mecatronica",5,88,208,92,10,3,4,6,0,41454,"Media","Virtual","Deporte","SI","Auto",12,"Regular","NO","SI","Alto_desempeno_integral"
"974","E0974",20,"Femenino","Civil",8,66,307,61,2,15,1,6,8,16431,"Baja","Presencial","Ninguna","NO","Auto",37,"Limitado","NO","SI","Riesgo_academico"
"975","E0975",25,"Masculino","Industrial",5,67,212,88,7,13,7,6,14,27731,"Media","Hibrida","Voluntariado","NO","Auto",25,"Regular","SI","NO","Academico_moderado"
"976","E0976",22,"Masculino","Sistemas",3,56,93,58,4,19,2,5,38,14329,"Baja","Presencial","Ninguna","NO","Auto",41,"Bueno","NO","SI","Riesgo_academico"
"977","E0977",19,"Femenino","Electronica",1,91,0,99,16,11,4,7,1,18213,"Media","Presencial","Ninguna","NO","Publico",11,"Bueno","SI","NO","Alto_desempeno_integral"
"978","E0978",18,"Masculino","Sistemas",8,82,292,76,13,10,3,8,6,30332,"Media","Presencial","Arte","NO","Auto",33,"Limitado","SI","NO","Academico_moderado"
"979","E0979",23,"Femenino","Sistemas",9,90,380,100,19,3,9,8,8,24769,"Media","Presencial","Deporte","SI","Auto",7,"Bueno","NO","SI","Alto_desempeno_integral"
"980","E0980",26,"Masculino","Administracion",6,62,217,55,4,0,3,6,17,19290,"Media","Hibrida","Ninguna","NO","Auto",42,"Limitado","SI","SI","Riesgo_academico"
"981","E0981",19,"Femenino","Sistemas",6,84,234,93,9,5,9,7,4,17576,"Alta","Virtual","Voluntariado","NO","Caminando",47,"Regular","SI","NO","Alto_desempeno_integral"
"982","E0982",18,"Masculino","Civil",4,65,152,70,8,20,2,6,8,13450,"Alta","Presencial","Ninguna","NO","Publico",30,"Bueno","SI","SI","Jugador_digital"
"983","E0983",18,"Masculino","Electronica",1,78,20,86,11,6,5,8,20,13786,"Baja","Presencial","Ninguna","NO","Publico",36,"Limitado","NO","NO","Academico_moderado"
"984","E0984",25,"Masculino","Industrial",4,58,171,65,2,23,0,5,13,10491,"Baja","Virtual","Arte","NO","Auto",43,"Regular","SI","SI","Riesgo_academico"
"985","E0985",19,"Masculino","Industrial",2,74,52,80,5,15,4,6,10,13870,"Media","Hibrida","Voluntariado","NO","Auto",5,"Regular","NO","NO","Jugador_digital"
"986","E0986",23,"Femenino","Sistemas",4,77,142,80,14,12,2,6,2,16923,"Alta","Presencial","Voluntariado","NO","Publico",39,"Bueno","NO","NO","Academico_moderado"
"987","E0987",19,"Masculino","Industrial",6,91,245,85,16,0,5,8,6,13216,"Baja","Virtual","Voluntariado","SI","Bicicleta",26,"Bueno","NO","NO","Alto_desempeno_integral"
"988","E0988",18,"Femenino","Electronica",9,87,320,94,13,4,2,7,0,31431,"Media","Presencial","Ninguna","NO","Auto",26,"Regular","NO","SI","Alto_desempeno_integral"
"989","E0989",20,"Masculino","Sistemas",5,79,211,81,4,29,2,7,4,16317,"Media","Presencial","Ninguna","NO","Auto",49,"Regular","SI","NO","Jugador_digital"
"990","E0990",20,"Femenino","Administracion",4,83,160,95,14,12,3,8,7,25812,"Baja","Hibrida","Ninguna","NO","Publico",25,"Bueno","NO","NO","Academico_moderado"
"991","E0991",18,"Masculino","Civil",4,73,142,79,10,2,0,6,32,14099,"Media","Presencial","Voluntariado","NO","Auto",29,"Bueno","NO","SI","Trabaja_y_estudia"
"992","E0992",22,"Femenino","Mecatronica",2,64,55,86,8,31,3,7,6,18087,"Media","Virtual","Voluntariado","NO","Auto",55,"Bueno","SI","NO","Jugador_digital"
"993","E0993",24,"Femenino","Electronica",7,93,287,100,18,3,8,8,12,22829,"Alta","Virtual","Deporte","SI","Publico",5,"Bueno","SI","SI","Alto_desempeno_integral"
"994","E0994",21,"Femenino","Sistemas",2,86,80,99,24,3,6,6,0,22036,"Alta","Virtual","Cultural","NO","Publico",21,"Bueno","NO","SI","Alto_desempeno_integral"
"995","E0995",24,"Masculino","Sistemas",2,75,72,93,12,9,0,8,12,17349,"Alta","Presencial","Deporte","NO","Auto",10,"Limitado","NO","NO","Academico_moderado"
"996","E0996",24,"Femenino","Civil",7,80,260,79,12,30,0,8,4,20380,"Baja","Presencial","Ninguna","NO","Caminando",43,"Bueno","NO","NO","Jugador_digital"
"997","E0997",18,"Femenino","Industrial",3,97,128,89,16,6,10,7,2,47096,"Baja","Presencial","Cultural","NO","Publico",15,"Bueno","NO","SI","Alto_desempeno_integral"
"998","E0998",21,"Femenino","Mecatronica",6,71,213,81,6,8,5,7,2,20721,"Baja","Presencial","Ninguna","NO","Publico",62,"Bueno","SI","NO","Academico_moderado"
"999","E0999",24,"Femenino","Sistemas",7,74,285,66,7,9,1,5,18,11846,"Media","Hibrida","Ninguna","NO","Auto",37,"Bueno","SI","SI","Trabaja_y_estudia"
"1000","E1000",23,"Femenino","Industrial",5,81,190,88,12,0,4,6,2,14931,"Media","Hibrida","Deporte","NO","Auto",31,"Regular","SI","NO","Academico_moderado"
